วันที่,ประเภท,3 ตัวบน,2 ตัวบน,2 ตัวล่าง,แหล่งที่ยืนยัน
1 ม.ค. 2568,ฮานอย,462,62,61,Minh Ngọc+xoso.com.vn
2 ม.ค. 2568,ฮานอย,404,04,62,Minh Ngọc+xoso.com.vn
3 ม.ค. 2568,ฮานอย,406,06,52,Minh Ngọc+xoso.com.vn
4 ม.ค. 2568,ฮานอย,901,01,33,Minh Ngọc+xoso.com.vn
5 ม.ค. 2568,ฮานอย,251,51,20,Minh Ngọc+xoso.com.vn
6 ม.ค. 2568,ฮานอย,708,08,20,Minh Ngọc+xoso.com.vn
7 ม.ค. 2568,ฮานอย,787,87,70,Minh Ngọc+xoso.com.vn
8 ม.ค. 2568,ฮานอย,815,15,79,Minh Ngọc+xoso.com.vn
9 ม.ค. 2568,ฮานอย,229,29,75,Minh Ngọc+xoso.com.vn
10 ม.ค. 2568,ฮานอย,219,19,41,Minh Ngọc+xoso.com.vn
11 ม.ค. 2568,ฮานอย,695,95,77,Minh Ngọc+xoso.com.vn
12 ม.ค. 2568,ฮานอย,352,52,03,Minh Ngọc+xoso.com.vn
13 ม.ค. 2568,ฮานอย,675,75,75,Minh Ngọc+xoso.com.vn
14 ม.ค. 2568,ฮานอย,617,17,21,Minh Ngọc+xoso.com.vn
15 ม.ค. 2568,ฮานอย,182,82,91,Minh Ngọc+xoso.com.vn
16 ม.ค. 2568,ฮานอย,233,33,86,Minh Ngọc+xoso.com.vn
17 ม.ค. 2568,ฮานอย,256,56,08,Minh Ngọc+xoso.com.vn
18 ม.ค. 2568,ฮานอย,558,58,22,Minh Ngọc+xoso.com.vn
19 ม.ค. 2568,ฮานอย,292,92,86,Minh Ngọc+xoso.com.vn
20 ม.ค. 2568,ฮานอย,050,50,46,Minh Ngọc+xoso.com.vn
21 ม.ค. 2568,ฮานอย,969,69,87,Minh Ngọc+xoso.com.vn
22 ม.ค. 2568,ฮานอย,511,11,88,Minh Ngọc+xoso.com.vn
23 ม.ค. 2568,ฮานอย,023,23,62,Minh Ngọc+xoso.com.vn
24 ม.ค. 2568,ฮานอย,450,50,08,Minh Ngọc+xoso.com.vn
25 ม.ค. 2568,ฮานอย,607,07,93,Minh Ngọc+xoso.com.vn
26 ม.ค. 2568,ฮานอย,446,46,55,Minh Ngọc+xoso.com.vn
27 ม.ค. 2568,ฮานอย,409,09,76,Minh Ngọc+xoso.com.vn
1 ก.พ. 2568,ฮานอย,164,64,69,Minh Ngọc+xoso.com.vn
2 ก.พ. 2568,ฮานอย,517,17,97,Minh Ngọc+xoso.com.vn
3 ก.พ. 2568,ฮานอย,386,86,99,Minh Ngọc+xoso.com.vn
4 ก.พ. 2568,ฮานอย,201,01,90,Minh Ngọc+xoso.com.vn
5 ก.พ. 2568,ฮานอย,847,47,04,Minh Ngọc+xoso.com.vn
6 ก.พ. 2568,ฮานอย,217,17,54,Minh Ngọc+xoso.com.vn
7 ก.พ. 2568,ฮานอย,668,68,71,Minh Ngọc+xoso.com.vn
8 ก.พ. 2568,ฮานอย,528,28,62,Minh Ngọc+xoso.com.vn
9 ก.พ. 2568,ฮานอย,615,15,29,Minh Ngọc+xoso.com.vn
10 ก.พ. 2568,ฮานอย,686,86,31,Minh Ngọc+xoso.com.vn
11 ก.พ. 2568,ฮานอย,978,78,65,Minh Ngọc+xoso.com.vn
12 ก.พ. 2568,ฮานอย,132,32,13,Minh Ngọc+xoso.com.vn
13 ก.พ. 2568,ฮานอย,158,58,77,Minh Ngọc+xoso.com.vn
14 ก.พ. 2568,ฮานอย,690,90,98,Minh Ngọc+xoso.com.vn
15 ก.พ. 2568,ฮานอย,155,55,65,Minh Ngọc+xoso.com.vn
16 ก.พ. 2568,ฮานอย,938,38,26,Minh Ngọc+xoso.com.vn
17 ก.พ. 2568,ฮานอย,798,98,20,Minh Ngọc+xoso.com.vn
18 ก.พ. 2568,ฮานอย,180,80,49,Minh Ngọc+xoso.com.vn
19 ก.พ. 2568,ฮานอย,521,21,50,Minh Ngọc+xoso.com.vn
20 ก.พ. 2568,ฮานอย,448,48,65,Minh Ngọc+xoso.com.vn
21 ก.พ. 2568,ฮานอย,159,59,67,Minh Ngọc+xoso.com.vn
22 ก.พ. 2568,ฮานอย,104,04,07,Minh Ngọc+xoso.com.vn
23 ก.พ. 2568,ฮานอย,660,60,04,Minh Ngọc+xoso.com.vn
24 ก.พ. 2568,ฮานอย,066,66,96,Minh Ngọc+xoso.com.vn
25 ก.พ. 2568,ฮานอย,870,70,33,Minh Ngọc+xoso.com.vn
26 ก.พ. 2568,ฮานอย,933,33,35,Minh Ngọc+xoso.com.vn
27 ก.พ. 2568,ฮานอย,228,28,02,Minh Ngọc+xoso.com.vn
28 ก.พ. 2568,ฮานอย,121,21,58,Minh Ngọc+xoso.com.vn
1 มี.ค. 2568,ฮานอย,683,83,68,Minh Ngọc+xoso.com.vn
2 มี.ค. 2568,ฮานอย,165,65,47,Minh Ngọc+xoso.com.vn
3 มี.ค. 2568,ฮานอย,575,75,08,Minh Ngọc+xoso.com.vn
4 มี.ค. 2568,ฮานอย,953,53,87,Minh Ngọc+xoso.com.vn
5 มี.ค. 2568,ฮานอย,997,97,81,Minh Ngọc+xoso.com.vn
6 มี.ค. 2568,ฮานอย,177,77,27,Minh Ngọc+xoso.com.vn
7 มี.ค. 2568,ฮานอย,272,72,17,Minh Ngọc+xoso.com.vn
8 มี.ค. 2568,ฮานอย,689,89,63,Minh Ngọc+xoso.com.vn
9 มี.ค. 2568,ฮานอย,818,18,79,Minh Ngọc+xoso.com.vn
10 มี.ค. 2568,ฮานอย,761,61,82,Minh Ngọc+xoso.com.vn
11 มี.ค. 2568,ฮานอย,235,35,57,Minh Ngọc+xoso.com.vn
12 มี.ค. 2568,ฮานอย,738,38,19,Minh Ngọc+xoso.com.vn
13 มี.ค. 2568,ฮานอย,881,81,49,Minh Ngọc+xoso.com.vn
14 มี.ค. 2568,ฮานอย,069,69,22,Minh Ngọc+xoso.com.vn
15 มี.ค. 2568,ฮานอย,404,04,95,Minh Ngọc+xoso.com.vn
16 มี.ค. 2568,ฮานอย,850,50,46,Minh Ngọc+xoso.com.vn
17 มี.ค. 2568,ฮานอย,573,73,64,Minh Ngọc+xoso.com.vn
18 มี.ค. 2568,ฮานอย,130,30,21,Minh Ngọc+xoso.com.vn
19 มี.ค. 2568,ฮานอย,163,63,89,Minh Ngọc+xoso.com.vn
20 มี.ค. 2568,ฮานอย,025,25,97,Minh Ngọc+xoso.com.vn
21 มี.ค. 2568,ฮานอย,036,36,07,Minh Ngọc+xoso.com.vn
22 มี.ค. 2568,ฮานอย,411,11,69,Minh Ngọc+xoso.com.vn
23 มี.ค. 2568,ฮานอย,613,13,69,Minh Ngọc+xoso.com.vn
24 มี.ค. 2568,ฮานอย,988,88,19,Minh Ngọc+xoso.com.vn
25 มี.ค. 2568,ฮานอย,409,09,61,Minh Ngọc+xoso.com.vn
26 มี.ค. 2568,ฮานอย,518,18,50,Minh Ngọc+xoso.com.vn
27 มี.ค. 2568,ฮานอย,960,60,25,Minh Ngọc+xoso.com.vn
28 มี.ค. 2568,ฮานอย,412,12,66,Minh Ngọc+xoso.com.vn
29 มี.ค. 2568,ฮานอย,761,61,65,Minh Ngọc+xoso.com.vn
30 มี.ค. 2568,ฮานอย,716,16,09,Minh Ngọc+xoso.com.vn
31 มี.ค. 2568,ฮานอย,315,15,67,Minh Ngọc+xoso.com.vn
1 เม.ย. 2568,ฮานอย,371,71,39,Minh Ngọc+xoso.com.vn
2 เม.ย. 2568,ฮานอย,033,33,75,Minh Ngọc+xoso.com.vn
3 เม.ย. 2568,ฮานอย,696,96,36,Minh Ngọc+xoso.com.vn
4 เม.ย. 2568,ฮานอย,409,09,78,Minh Ngọc+xoso.com.vn
5 เม.ย. 2568,ฮานอย,687,87,44,Minh Ngọc+xoso.com.vn
6 เม.ย. 2568,ฮานอย,779,79,56,Minh Ngọc+xoso.com.vn
7 เม.ย. 2568,ฮานอย,965,65,40,Minh Ngọc+xoso.com.vn
8 เม.ย. 2568,ฮานอย,584,84,60,Minh Ngọc+xoso.com.vn
9 เม.ย. 2568,ฮานอย,159,59,60,Minh Ngọc+xoso.com.vn
10 เม.ย. 2568,ฮานอย,147,47,90,Minh Ngọc+xoso.com.vn
11 เม.ย. 2568,ฮานอย,850,50,53,Minh Ngọc+xoso.com.vn
12 เม.ย. 2568,ฮานอย,050,50,64,Minh Ngọc+xoso.com.vn
13 เม.ย. 2568,ฮานอย,860,60,79,Minh Ngọc+xoso.com.vn
14 เม.ย. 2568,ฮานอย,935,35,71,Minh Ngọc+xoso.com.vn
15 เม.ย. 2568,ฮานอย,908,08,76,Minh Ngọc+xoso.com.vn
16 เม.ย. 2568,ฮานอย,409,09,86,Minh Ngọc+xoso.com.vn
17 เม.ย. 2568,ฮานอย,923,23,43,Minh Ngọc+xoso.com.vn
18 เม.ย. 2568,ฮานอย,992,92,39,Minh Ngọc+xoso.com.vn
19 เม.ย. 2568,ฮานอย,508,08,05,Minh Ngọc+xoso.com.vn
20 เม.ย. 2568,ฮานอย,692,92,50,Minh Ngọc+xoso.com.vn
21 เม.ย. 2568,ฮานอย,906,06,18,Minh Ngọc+xoso.com.vn
22 เม.ย. 2568,ฮานอย,609,09,58,Minh Ngọc+xoso.com.vn
23 เม.ย. 2568,ฮานอย,529,29,39,Minh Ngọc+xoso.com.vn
24 เม.ย. 2568,ฮานอย,514,14,54,Minh Ngọc+xoso.com.vn
25 เม.ย. 2568,ฮานอย,177,77,47,Minh Ngọc+xoso.com.vn
26 เม.ย. 2568,ฮานอย,497,97,20,Minh Ngọc+xoso.com.vn
27 เม.ย. 2568,ฮานอย,368,68,08,Minh Ngọc+xoso.com.vn
28 เม.ย. 2568,ฮานอย,140,40,74,Minh Ngọc+xoso.com.vn
29 เม.ย. 2568,ฮานอย,558,58,21,Minh Ngọc+xoso.com.vn
30 เม.ย. 2568,ฮานอย,078,78,22,Minh Ngọc+xoso.com.vn
1 พ.ค. 2568,ฮานอย,031,31,71,Minh Ngọc+xoso.com.vn
2 พ.ค. 2568,ฮานอย,624,24,10,Minh Ngọc+xoso.com.vn
3 พ.ค. 2568,ฮานอย,599,99,57,Minh Ngọc+xoso.com.vn
4 พ.ค. 2568,ฮานอย,666,66,64,Minh Ngọc+xoso.com.vn
5 พ.ค. 2568,ฮานอย,513,13,53,Minh Ngọc+xoso.com.vn
6 พ.ค. 2568,ฮานอย,024,24,21,Minh Ngọc+xoso.com.vn
7 พ.ค. 2568,ฮานอย,794,94,10,Minh Ngọc+xoso.com.vn
8 พ.ค. 2568,ฮานอย,102,02,28,Minh Ngọc+xoso.com.vn
9 พ.ค. 2568,ฮานอย,809,09,70,Minh Ngọc+xoso.com.vn
10 พ.ค. 2568,ฮานอย,022,22,04,Minh Ngọc+xoso.com.vn
11 พ.ค. 2568,ฮานอย,177,77,67,Minh Ngọc+xoso.com.vn
12 พ.ค. 2568,ฮานอย,640,40,61,Minh Ngọc+xoso.com.vn
13 พ.ค. 2568,ฮานอย,609,09,99,Minh Ngọc+xoso.com.vn
14 พ.ค. 2568,ฮานอย,130,30,32,Minh Ngọc+xoso.com.vn
15 พ.ค. 2568,ฮานอย,768,68,68,Minh Ngọc+xoso.com.vn
16 พ.ค. 2568,ฮานอย,987,87,66,Minh Ngọc+xoso.com.vn
17 พ.ค. 2568,ฮานอย,936,36,05,Minh Ngọc+xoso.com.vn
18 พ.ค. 2568,ฮานอย,263,63,24,Minh Ngọc+xoso.com.vn
19 พ.ค. 2568,ฮานอย,132,32,30,Minh Ngọc+xoso.com.vn
20 พ.ค. 2568,ฮานอย,157,57,08,Minh Ngọc+xoso.com.vn
21 พ.ค. 2568,ฮานอย,318,18,75,Minh Ngọc+xoso.com.vn
22 พ.ค. 2568,ฮานอย,905,05,90,Minh Ngọc+xoso.com.vn
23 พ.ค. 2568,ฮานอย,358,58,74,Minh Ngọc+xoso.com.vn
24 พ.ค. 2568,ฮานอย,064,64,78,Minh Ngọc+xoso.com.vn
25 พ.ค. 2568,ฮานอย,435,35,45,Minh Ngọc+xoso.com.vn
26 พ.ค. 2568,ฮานอย,768,68,88,Minh Ngọc+xoso.com.vn
27 พ.ค. 2568,ฮานอย,735,35,93,Minh Ngọc+xoso.com.vn
28 พ.ค. 2568,ฮานอย,634,34,53,Minh Ngọc+xoso.com.vn
29 พ.ค. 2568,ฮานอย,901,01,34,Minh Ngọc+xoso.com.vn
30 พ.ค. 2568,ฮานอย,476,76,06,Minh Ngọc+xoso.com.vn
31 พ.ค. 2568,ฮานอย,585,85,51,Minh Ngọc+xoso.com.vn
1 มิ.ย. 2568,ฮานอย,139,39,90,Minh Ngọc+xoso.com.vn
2 มิ.ย. 2568,ฮานอย,268,68,60,Minh Ngọc+xoso.com.vn
3 มิ.ย. 2568,ฮานอย,194,94,34,Minh Ngọc+xoso.com.vn
4 มิ.ย. 2568,ฮานอย,921,21,98,Minh Ngọc+xoso.com.vn
5 มิ.ย. 2568,ฮานอย,062,62,35,Minh Ngọc+xoso.com.vn
6 มิ.ย. 2568,ฮานอย,792,92,08,Minh Ngọc+xoso.com.vn
7 มิ.ย. 2568,ฮานอย,142,42,86,Minh Ngọc+xoso.com.vn
8 มิ.ย. 2568,ฮานอย,490,90,76,Minh Ngọc+xoso.com.vn
9 มิ.ย. 2568,ฮานอย,488,88,36,Minh Ngọc+xoso.com.vn
10 มิ.ย. 2568,ฮานอย,139,39,13,Minh Ngọc+xoso.com.vn
11 มิ.ย. 2568,ฮานอย,457,57,35,Minh Ngọc+xoso.com.vn
12 มิ.ย. 2568,ฮานอย,649,49,91,Minh Ngọc+xoso.com.vn
13 มิ.ย. 2568,ฮานอย,402,02,68,Minh Ngọc+xoso.com.vn
14 มิ.ย. 2568,ฮานอย,044,44,46,Minh Ngọc+xoso.com.vn
15 มิ.ย. 2568,ฮานอย,099,99,76,Minh Ngọc+xoso.com.vn
16 มิ.ย. 2568,ฮานอย,456,56,69,Minh Ngọc+xoso.com.vn
17 มิ.ย. 2568,ฮานอย,724,24,39,Minh Ngọc+xoso.com.vn
18 มิ.ย. 2568,ฮานอย,682,82,91,Minh Ngọc+xoso.com.vn
19 มิ.ย. 2568,ฮานอย,288,88,10,Minh Ngọc+xoso.com.vn
20 มิ.ย. 2568,ฮานอย,906,06,93,Minh Ngọc+xoso.com.vn
21 มิ.ย. 2568,ฮานอย,603,03,70,Minh Ngọc+xoso.com.vn
22 มิ.ย. 2568,ฮานอย,301,01,14,Minh Ngọc+xoso.com.vn
23 มิ.ย. 2568,ฮานอย,157,57,21,Minh Ngọc+xoso.com.vn
24 มิ.ย. 2568,ฮานอย,034,34,65,Minh Ngọc+xoso.com.vn
25 มิ.ย. 2568,ฮานอย,736,36,86,Minh Ngọc+xoso.com.vn
26 มิ.ย. 2568,ฮานอย,703,03,26,Minh Ngọc+xoso.com.vn
27 มิ.ย. 2568,ฮานอย,862,62,61,Minh Ngọc+xoso.com.vn
28 มิ.ย. 2568,ฮานอย,194,94,24,Minh Ngọc+xoso.com.vn
29 มิ.ย. 2568,ฮานอย,368,68,71,Minh Ngọc+xoso.com.vn
30 มิ.ย. 2568,ฮานอย,207,07,51,Minh Ngọc+xoso.com.vn
1 ก.ค. 2568,ฮานอย,818,18,86,Minh Ngọc+xoso.com.vn
2 ก.ค. 2568,ฮานอย,644,44,87,Minh Ngọc+xoso.com.vn
3 ก.ค. 2568,ฮานอย,369,69,16,Minh Ngọc+xoso.com.vn
4 ก.ค. 2568,ฮานอย,315,15,19,Minh Ngọc+xoso.com.vn
5 ก.ค. 2568,ฮานอย,512,12,42,Minh Ngọc+xoso.com.vn
6 ก.ค. 2568,ฮานอย,105,05,59,Minh Ngọc+xoso.com.vn
7 ก.ค. 2568,ฮานอย,256,56,77,Minh Ngọc+xoso.com.vn
8 ก.ค. 2568,ฮานอย,679,79,22,Minh Ngọc+xoso.com.vn
9 ก.ค. 2568,ฮานอย,659,59,47,Minh Ngọc+xoso.com.vn
10 ก.ค. 2568,ฮานอย,840,40,15,Minh Ngọc+xoso.com.vn
11 ก.ค. 2568,ฮานอย,411,11,03,Minh Ngọc+xoso.com.vn
12 ก.ค. 2568,ฮานอย,662,62,86,Minh Ngọc+xoso.com.vn
13 ก.ค. 2568,ฮานอย,456,56,00,Minh Ngọc+xoso.com.vn
14 ก.ค. 2568,ฮานอย,880,80,42,Minh Ngọc+xoso.com.vn
15 ก.ค. 2568,ฮานอย,355,55,20,Minh Ngọc+xoso.com.vn
16 ก.ค. 2568,ฮานอย,621,21,57,Minh Ngọc+xoso.com.vn
17 ก.ค. 2568,ฮานอย,000,00,66,Minh Ngọc+xoso.com.vn
18 ก.ค. 2568,ฮานอย,000,00,24,Minh Ngọc+xoso.com.vn
19 ก.ค. 2568,ฮานอย,306,06,24,Minh Ngọc+xoso.com.vn
20 ก.ค. 2568,ฮานอย,545,45,00,Minh Ngọc+xoso.com.vn
21 ก.ค. 2568,ฮานอย,681,81,35,Minh Ngọc+xoso.com.vn
22 ก.ค. 2568,ฮานอย,022,22,06,Minh Ngọc+xoso.com.vn
23 ก.ค. 2568,ฮานอย,821,21,17,Minh Ngọc+xoso.com.vn
24 ก.ค. 2568,ฮานอย,919,19,16,Minh Ngọc+xoso.com.vn
25 ก.ค. 2568,ฮานอย,676,76,67,Minh Ngọc+xoso.com.vn
26 ก.ค. 2568,ฮานอย,670,70,51,Minh Ngọc+xoso.com.vn
27 ก.ค. 2568,ฮานอย,268,68,78,Minh Ngọc+xoso.com.vn
28 ก.ค. 2568,ฮานอย,273,73,30,Minh Ngọc+xoso.com.vn
29 ก.ค. 2568,ฮานอย,525,25,00,Minh Ngọc+xoso.com.vn
30 ก.ค. 2568,ฮานอย,819,19,30,Minh Ngọc+xoso.com.vn
31 ก.ค. 2568,ฮานอย,354,54,75,Minh Ngọc+xoso.com.vn
1 ส.ค. 2568,ฮานอย,902,02,26,Minh Ngọc+xoso.com.vn
2 ส.ค. 2568,ฮานอย,285,85,67,Minh Ngọc+xoso.com.vn
3 ส.ค. 2568,ฮานอย,006,06,33,Minh Ngọc+xoso.com.vn
4 ส.ค. 2568,ฮานอย,997,97,10,Minh Ngọc+xoso.com.vn
5 ส.ค. 2568,ฮานอย,077,77,40,Minh Ngọc+xoso.com.vn
6 ส.ค. 2568,ฮานอย,770,70,22,Minh Ngọc+xoso.com.vn
7 ส.ค. 2568,ฮานอย,130,30,16,Minh Ngọc+xoso.com.vn
8 ส.ค. 2568,ฮานอย,249,49,92,Minh Ngọc+xoso.com.vn
9 ส.ค. 2568,ฮานอย,892,92,00,Minh Ngọc+xoso.com.vn
10 ส.ค. 2568,ฮานอย,135,35,99,Minh Ngọc+xoso.com.vn
11 ส.ค. 2568,ฮานอย,071,71,56,Minh Ngọc+xoso.com.vn
12 ส.ค. 2568,ฮานอย,675,75,81,Minh Ngọc+xoso.com.vn
13 ส.ค. 2568,ฮานอย,421,21,54,Minh Ngọc+xoso.com.vn
14 ส.ค. 2568,ฮานอย,116,16,50,Minh Ngọc+xoso.com.vn
15 ส.ค. 2568,ฮานอย,177,77,92,Minh Ngọc+xoso.com.vn
16 ส.ค. 2568,ฮานอย,194,94,77,Minh Ngọc+xoso.com.vn
17 ส.ค. 2568,ฮานอย,091,91,23,Minh Ngọc+xoso.com.vn
18 ส.ค. 2568,ฮานอย,945,45,25,Minh Ngọc+xoso.com.vn
19 ส.ค. 2568,ฮานอย,250,50,16,Minh Ngọc+xoso.com.vn
20 ส.ค. 2568,ฮานอย,034,34,64,Minh Ngọc+xoso.com.vn
21 ส.ค. 2568,ฮานอย,127,27,50,Minh Ngọc+xoso.com.vn
22 ส.ค. 2568,ฮานอย,534,34,81,Minh Ngọc+xoso.com.vn
23 ส.ค. 2568,ฮานอย,222,22,41,Minh Ngọc+xoso.com.vn
24 ส.ค. 2568,ฮานอย,757,57,63,Minh Ngọc+xoso.com.vn
25 ส.ค. 2568,ฮานอย,593,93,42,Minh Ngọc+xoso.com.vn
26 ส.ค. 2568,ฮานอย,244,44,58,Minh Ngọc+xoso.com.vn
27 ส.ค. 2568,ฮานอย,652,52,25,Minh Ngọc+xoso.com.vn
28 ส.ค. 2568,ฮานอย,492,92,34,Minh Ngọc+xoso.com.vn
29 ส.ค. 2568,ฮานอย,712,12,62,Minh Ngọc+xoso.com.vn
30 ส.ค. 2568,ฮานอย,830,30,49,Minh Ngọc+xoso.com.vn
31 ส.ค. 2568,ฮานอย,239,39,83,Minh Ngọc+xoso.com.vn
1 ก.ย. 2568,ฮานอย,335,35,45,Minh Ngọc+xoso.com.vn
2 ก.ย. 2568,ฮานอย,079,79,68,Minh Ngọc+xoso.com.vn
3 ก.ย. 2568,ฮานอย,033,33,21,Minh Ngọc+xoso.com.vn
4 ก.ย. 2568,ฮานอย,943,43,92,Minh Ngọc+xoso.com.vn
5 ก.ย. 2568,ฮานอย,878,78,58,Minh Ngọc+xoso.com.vn
6 ก.ย. 2568,ฮานอย,093,93,80,Minh Ngọc+xoso.com.vn
7 ก.ย. 2568,ฮานอย,137,37,53,Minh Ngọc+xoso.com.vn
8 ก.ย. 2568,ฮานอย,493,93,13,Minh Ngọc+xoso.com.vn
9 ก.ย. 2568,ฮานอย,460,60,69,Minh Ngọc+xoso.com.vn
10 ก.ย. 2568,ฮานอย,231,31,48,Minh Ngọc+xoso.com.vn
11 ก.ย. 2568,ฮานอย,217,17,02,Minh Ngọc+xoso.com.vn
12 ก.ย. 2568,ฮานอย,686,86,26,Minh Ngọc+xoso.com.vn
13 ก.ย. 2568,ฮานอย,401,01,89,Minh Ngọc+xoso.com.vn
14 ก.ย. 2568,ฮานอย,807,07,14,Minh Ngọc+xoso.com.vn
15 ก.ย. 2568,ฮานอย,946,46,84,Minh Ngọc+xoso.com.vn
16 ก.ย. 2568,ฮานอย,705,05,36,Minh Ngọc+xoso.com.vn
17 ก.ย. 2568,ฮานอย,005,05,56,Minh Ngọc+xoso.com.vn
18 ก.ย. 2568,ฮานอย,450,50,69,Minh Ngọc+xoso.com.vn
19 ก.ย. 2568,ฮานอย,846,46,43,Minh Ngọc+xoso.com.vn
20 ก.ย. 2568,ฮานอย,590,90,23,Minh Ngọc+xoso.com.vn
21 ก.ย. 2568,ฮานอย,471,71,13,Minh Ngọc+xoso.com.vn
22 ก.ย. 2568,ฮานอย,461,61,20,Minh Ngọc+xoso.com.vn
23 ก.ย. 2568,ฮานอย,888,88,43,Minh Ngọc+xoso.com.vn
24 ก.ย. 2568,ฮานอย,859,59,20,Minh Ngọc+xoso.com.vn
25 ก.ย. 2568,ฮานอย,263,63,75,Minh Ngọc+xoso.com.vn
26 ก.ย. 2568,ฮานอย,223,23,70,Minh Ngọc+xoso.com.vn
27 ก.ย. 2568,ฮานอย,519,19,36,Minh Ngọc+xoso.com.vn
27 ก.ย. 2568,ฮานอย VIP,078,78,99,บ้านกีฬา+สยามรัฐ
27 ก.ย. 2568,ฮานอยพิเศษ,214,14,12,บ้านกีฬา+สยามรัฐ
28 ก.ย. 2568,ฮานอย,606,06,31,Minh Ngọc+xoso.com.vn
28 ก.ย. 2568,ฮานอย VIP,021,21,76,บ้านกีฬา+สยามรัฐ
28 ก.ย. 2568,ฮานอยพิเศษ,003,03,87,บ้านกีฬา+สยามรัฐ
28 ก.ย. 2568,ฮานอยเฉพาะกิจ,482,82,51,บ้านกีฬา+สยามรัฐ
29 ก.ย. 2568,ฮานอย,750,50,08,Minh Ngọc+xoso.com.vn
30 ก.ย. 2568,ฮานอย,036,36,26,Minh Ngọc+xoso.com.vn
30 ก.ย. 2568,ฮานอย VIP,054,54,71,บ้านกีฬา+สยามรัฐ
30 ก.ย. 2568,ฮานอยพิเศษ,576,76,52,บ้านกีฬา+สยามรัฐ
30 ก.ย. 2568,ฮานอยเฉพาะกิจ,952,52,83,บ้านกีฬา+สยามรัฐ
1 ต.ค. 2568,ฮานอย,683,83,47,Minh Ngọc+xoso.com.vn
1 ต.ค. 2568,ฮานอย VIP,064,64,58,บ้านกีฬา+สยามรัฐ
1 ต.ค. 2568,ฮานอยเฉพาะกิจ,067,67,29,บ้านกีฬา+สยามรัฐ
2 ต.ค. 2568,ฮานอย,147,47,03,Minh Ngọc+xoso.com.vn
2 ต.ค. 2568,ฮานอย VIP,610,10,70,บ้านกีฬา+สยามรัฐ
2 ต.ค. 2568,ฮานอยพิเศษ,918,18,30,บ้านกีฬา+สยามรัฐ
3 ต.ค. 2568,ฮานอย,109,09,45,Minh Ngọc+xoso.com.vn
3 ต.ค. 2568,ฮานอย VIP,032,32,75,บ้านกีฬา+สยามรัฐ
3 ต.ค. 2568,ฮานอยพิเศษ,374,74,27,บ้านกีฬา+สยามรัฐ
4 ต.ค. 2568,ฮานอย,205,05,72,Minh Ngọc+xoso.com.vn
4 ต.ค. 2568,ฮานอย VIP,060,60,55,บ้านกีฬา+สยามรัฐ
4 ต.ค. 2568,ฮานอยพิเศษ,371,71,41,บ้านกีฬา+สยามรัฐ
5 ต.ค. 2568,ฮานอย,445,45,55,Minh Ngọc+xoso.com.vn
5 ต.ค. 2568,ฮานอยพิเศษ,267,67,79,บ้านกีฬา+สยามรัฐ
6 ต.ค. 2568,ฮานอย,021,21,31,Minh Ngọc+xoso.com.vn
6 ต.ค. 2568,ฮานอย VIP,839,39,70,บ้านกีฬา+สยามรัฐ
6 ต.ค. 2568,ฮานอยพิเศษ,725,25,31,บ้านกีฬา+สยามรัฐ
7 ต.ค. 2568,ฮานอย,525,25,79,Minh Ngọc+xoso.com.vn
7 ต.ค. 2568,ฮานอย VIP,131,31,28,บ้านกีฬา+สยามรัฐ
7 ต.ค. 2568,ฮานอยพิเศษ,072,72,61,บ้านกีฬา+สยามรัฐ
7 ต.ค. 2568,ฮานอยเฉพาะกิจ,168,68,43,บ้านกีฬา+สยามรัฐ
8 ต.ค. 2568,ฮานอย,533,33,02,Minh Ngọc+xoso.com.vn
8 ต.ค. 2568,ฮานอย VIP,066,66,76,บ้านกีฬา+สยามรัฐ
8 ต.ค. 2568,ฮานอยพิเศษ,441,41,74,บ้านกีฬา+สยามรัฐ
8 ต.ค. 2568,ฮานอยเฉพาะกิจ,480,80,33,บ้านกีฬา+สยามรัฐ
9 ต.ค. 2568,ฮานอย,565,65,29,Minh Ngọc+xoso.com.vn
9 ต.ค. 2568,ฮานอย VIP,927,27,80,บ้านกีฬา+สยามรัฐ
9 ต.ค. 2568,ฮานอยพิเศษ,118,18,98,บ้านกีฬา+สยามรัฐ
10 ต.ค. 2568,ฮานอย,640,40,78,Minh Ngọc+xoso.com.vn
10 ต.ค. 2568,ฮานอย VIP,984,84,05,บ้านกีฬา+สยามรัฐ
10 ต.ค. 2568,ฮานอยพิเศษ,739,39,33,บ้านกีฬา+สยามรัฐ
11 ต.ค. 2568,ฮานอย,943,43,13,Minh Ngọc+xoso.com.vn
11 ต.ค. 2568,ฮานอย VIP,704,04,51,บ้านกีฬา+สยามรัฐ
12 ต.ค. 2568,ฮานอย,352,52,20,Minh Ngọc+xoso.com.vn
12 ต.ค. 2568,ฮานอย VIP,688,88,91,บ้านกีฬา+สยามรัฐ
12 ต.ค. 2568,ฮานอยพิเศษ,575,75,98,บ้านกีฬา+สยามรัฐ
12 ต.ค. 2568,ฮานอยเฉพาะกิจ,815,15,04,บ้านกีฬา+สยามรัฐ
13 ต.ค. 2568,ฮานอย,708,08,09,Minh Ngọc+xoso.com.vn
13 ต.ค. 2568,ฮานอย VIP,571,71,57,บ้านกีฬา+สยามรัฐ
13 ต.ค. 2568,ฮานอยพิเศษ,166,66,18,บ้านกีฬา+สยามรัฐ
14 ต.ค. 2568,ฮานอย,424,24,82,Minh Ngọc+xoso.com.vn
15 ต.ค. 2568,ฮานอย,028,28,36,Minh Ngọc+xoso.com.vn
15 ต.ค. 2568,ฮานอย VIP,561,61,74,บ้านกีฬา+สยามรัฐ
15 ต.ค. 2568,ฮานอยพิเศษ,724,24,28,บ้านกีฬา+สยามรัฐ
16 ต.ค. 2568,ฮานอย,662,62,46,Minh Ngọc+xoso.com.vn
16 ต.ค. 2568,ฮานอย VIP,002,02,75,บ้านกีฬา+สยามรัฐ
16 ต.ค. 2568,ฮานอยพิเศษ,814,14,55,บ้านกีฬา+สยามรัฐ
16 ต.ค. 2568,ฮานอยเฉพาะกิจ,397,97,08,บ้านกีฬา+สยามรัฐ
17 ต.ค. 2568,ฮานอย,279,79,94,Minh Ngọc+xoso.com.vn
18 ต.ค. 2568,ฮานอย,279,79,90,Minh Ngọc+xoso.com.vn
19 ต.ค. 2568,ฮานอย,966,66,47,Minh Ngọc+xoso.com.vn
19 ต.ค. 2568,ฮานอย VIP,835,35,42,บ้านกีฬา+สยามรัฐ
19 ต.ค. 2568,ฮานอยพิเศษ,633,33,74,บ้านกีฬา+สยามรัฐ
20 ต.ค. 2568,ฮานอย,372,72,01,Minh Ngọc+xoso.com.vn
20 ต.ค. 2568,ฮานอย VIP,194,94,84,บ้านกีฬา+สยามรัฐ
20 ต.ค. 2568,ฮานอยพิเศษ,197,97,05,บ้านกีฬา+สยามรัฐ
20 ต.ค. 2568,ฮานอยเฉพาะกิจ,128,28,45,บ้านกีฬา+สยามรัฐ
21 ต.ค. 2568,ฮานอย,081,81,97,Minh Ngọc+xoso.com.vn
21 ต.ค. 2568,ฮานอยพิเศษ,959,59,54,บ้านกีฬา+สยามรัฐ
22 ต.ค. 2568,ฮานอย,274,74,78,Minh Ngọc+xoso.com.vn
22 ต.ค. 2568,ฮานอย VIP,603,03,83,บ้านกีฬา+สยามรัฐ
22 ต.ค. 2568,ฮานอยพิเศษ,207,07,53,บ้านกีฬา+สยามรัฐ
22 ต.ค. 2568,ฮานอยเฉพาะกิจ,769,69,11,บ้านกีฬา+สยามรัฐ
23 ต.ค. 2568,ฮานอย,283,83,83,Minh Ngọc+xoso.com.vn
23 ต.ค. 2568,ฮานอย VIP,626,26,34,บ้านกีฬา+สยามรัฐ
23 ต.ค. 2568,ฮานอยพิเศษ,800,00,67,บ้านกีฬา+สยามรัฐ
23 ต.ค. 2568,ฮานอยเฉพาะกิจ,825,25,79,บ้านกีฬา+สยามรัฐ
24 ต.ค. 2568,ฮานอย,564,64,40,Minh Ngọc+xoso.com.vn
24 ต.ค. 2568,ฮานอย VIP,300,00,40,บ้านกีฬา+สยามรัฐ
24 ต.ค. 2568,ฮานอยพิเศษ,005,05,58,บ้านกีฬา+สยามรัฐ
24 ต.ค. 2568,ฮานอยเฉพาะกิจ,647,47,05,บ้านกีฬา+สยามรัฐ
25 ต.ค. 2568,ฮานอย,962,62,83,Minh Ngọc+xoso.com.vn
25 ต.ค. 2568,ฮานอย VIP,887,87,48,บ้านกีฬา+สยามรัฐ
25 ต.ค. 2568,ฮานอยพิเศษ,853,53,17,บ้านกีฬา+สยามรัฐ
25 ต.ค. 2568,ฮานอยเฉพาะกิจ,506,06,23,บ้านกีฬา+สยามรัฐ
26 ต.ค. 2568,ฮานอย,410,10,16,Minh Ngọc+xoso.com.vn
26 ต.ค. 2568,ฮานอย VIP,359,59,72,บ้านกีฬา+สยามรัฐ
26 ต.ค. 2568,ฮานอยพิเศษ,507,07,23,บ้านกีฬา+สยามรัฐ
26 ต.ค. 2568,ฮานอยเฉพาะกิจ,914,14,86,บ้านกีฬา+สยามรัฐ
27 ต.ค. 2568,ฮานอย,583,83,27,Minh Ngọc+xoso.com.vn
27 ต.ค. 2568,ฮานอย VIP,651,51,23,บ้านกีฬา+สยามรัฐ
27 ต.ค. 2568,ฮานอยพิเศษ,486,86,20,บ้านกีฬา+สยามรัฐ
27 ต.ค. 2568,ฮานอยเฉพาะกิจ,278,78,03,บ้านกีฬา+สยามรัฐ
28 ต.ค. 2568,ฮานอย,908,08,68,Minh Ngọc+xoso.com.vn
28 ต.ค. 2568,ฮานอยพิเศษ,760,60,56,บ้านกีฬา+สยามรัฐ
28 ต.ค. 2568,ฮานอยเฉพาะกิจ,071,71,25,บ้านกีฬา+สยามรัฐ
29 ต.ค. 2568,ฮานอย,473,73,09,Minh Ngọc+xoso.com.vn
29 ต.ค. 2568,ฮานอย VIP,223,23,83,บ้านกีฬา+สยามรัฐ
29 ต.ค. 2568,ฮานอยพิเศษ,255,55,03,บ้านกีฬา+สยามรัฐ
29 ต.ค. 2568,ฮานอยเฉพาะกิจ,338,38,92,บ้านกีฬา+สยามรัฐ
30 ต.ค. 2568,ฮานอย,788,88,49,Minh Ngọc+xoso.com.vn
30 ต.ค. 2568,ฮานอย VIP,806,06,26,บ้านกีฬา+สยามรัฐ
30 ต.ค. 2568,ฮานอยพิเศษ,826,26,70,บ้านกีฬา+สยามรัฐ
30 ต.ค. 2568,ฮานอยเฉพาะกิจ,450,50,31,บ้านกีฬา+สยามรัฐ
31 ต.ค. 2568,ฮานอย,301,01,08,Minh Ngọc+xoso.com.vn
31 ต.ค. 2568,ฮานอย VIP,691,91,27,บ้านกีฬา+สยามรัฐ
31 ต.ค. 2568,ฮานอยพิเศษ,784,84,04,บ้านกีฬา+สยามรัฐ
31 ต.ค. 2568,ฮานอยเฉพาะกิจ,836,36,02,บ้านกีฬา+สยามรัฐ
1 พ.ย. 2568,ฮานอย,792,92,86,Minh Ngọc+xoso.com.vn
1 พ.ย. 2568,ฮานอย VIP,540,40,59,บ้านกีฬา+สยามรัฐ
1 พ.ย. 2568,ฮานอยพิเศษ,262,62,34,บ้านกีฬา+สยามรัฐ
1 พ.ย. 2568,ฮานอยเฉพาะกิจ,748,48,69,บ้านกีฬา+สยามรัฐ
2 พ.ย. 2568,ฮานอย,267,67,58,Minh Ngọc+xoso.com.vn
2 พ.ย. 2568,ฮานอย VIP,701,01,19,บ้านกีฬา+สยามรัฐ
2 พ.ย. 2568,ฮานอยพิเศษ,501,01,30,บ้านกีฬา+สยามรัฐ
2 พ.ย. 2568,ฮานอยเฉพาะกิจ,927,27,24,บ้านกีฬา+สยามรัฐ
3 พ.ย. 2568,ฮานอย,395,95,47,Minh Ngọc+xoso.com.vn
3 พ.ย. 2568,ฮานอย VIP,051,51,49,บ้านกีฬา+สยามรัฐ
3 พ.ย. 2568,ฮานอยพิเศษ,471,71,77,บ้านกีฬา+สยามรัฐ
3 พ.ย. 2568,ฮานอยเฉพาะกิจ,520,20,91,บ้านกีฬา+สยามรัฐ
4 พ.ย. 2568,ฮานอย,686,86,93,Minh Ngọc+xoso.com.vn
4 พ.ย. 2568,ฮานอย VIP,455,55,17,บ้านกีฬา+สยามรัฐ
4 พ.ย. 2568,ฮานอยพิเศษ,613,13,43,บ้านกีฬา+สยามรัฐ
4 พ.ย. 2568,ฮานอยเฉพาะกิจ,479,79,35,บ้านกีฬา+สยามรัฐ
5 พ.ย. 2568,ฮานอย,843,43,51,Minh Ngọc+xoso.com.vn
5 พ.ย. 2568,ฮานอย VIP,763,63,91,บ้านกีฬา+สยามรัฐ
5 พ.ย. 2568,ฮานอยพิเศษ,176,76,96,บ้านกีฬา+สยามรัฐ
5 พ.ย. 2568,ฮานอยเฉพาะกิจ,276,76,40,บ้านกีฬา+สยามรัฐ
6 พ.ย. 2568,ฮานอย,902,02,67,Minh Ngọc+xoso.com.vn
6 พ.ย. 2568,ฮานอย VIP,370,70,41,บ้านกีฬา+สยามรัฐ
6 พ.ย. 2568,ฮานอยเฉพาะกิจ,513,13,84,บ้านกีฬา+สยามรัฐ
7 พ.ย. 2568,ฮานอย,814,14,86,Minh Ngọc+xoso.com.vn
7 พ.ย. 2568,ฮานอย VIP,213,13,45,บ้านกีฬา+สยามรัฐ
7 พ.ย. 2568,ฮานอยพิเศษ,466,66,68,บ้านกีฬา+สยามรัฐ
7 พ.ย. 2568,ฮานอยเฉพาะกิจ,059,59,66,บ้านกีฬา+สยามรัฐ
8 พ.ย. 2568,ฮานอย,914,14,87,Minh Ngọc+xoso.com.vn
8 พ.ย. 2568,ฮานอยพิเศษ,913,13,25,บ้านกีฬา+สยามรัฐ
8 พ.ย. 2568,ฮานอยเฉพาะกิจ,346,46,72,บ้านกีฬา+สยามรัฐ
9 พ.ย. 2568,ฮานอย,879,79,11,Minh Ngọc+xoso.com.vn
9 พ.ย. 2568,ฮานอย VIP,855,55,73,บ้านกีฬา+สยามรัฐ
9 พ.ย. 2568,ฮานอยพิเศษ,919,19,39,บ้านกีฬา+สยามรัฐ
9 พ.ย. 2568,ฮานอยเฉพาะกิจ,203,03,16,บ้านกีฬา+สยามรัฐ
10 พ.ย. 2568,ฮานอย,592,92,95,Minh Ngọc+xoso.com.vn
10 พ.ย. 2568,ฮานอย VIP,404,04,23,บ้านกีฬา+สยามรัฐ
10 พ.ย. 2568,ฮานอยพิเศษ,251,51,48,บ้านกีฬา+สยามรัฐ
10 พ.ย. 2568,ฮานอยเฉพาะกิจ,732,32,97,บ้านกีฬา+สยามรัฐ
11 พ.ย. 2568,ฮานอย,776,76,72,Minh Ngọc+xoso.com.vn
11 พ.ย. 2568,ฮานอย VIP,002,02,82,บ้านกีฬา+สยามรัฐ
11 พ.ย. 2568,ฮานอยพิเศษ,066,66,37,บ้านกีฬา+สยามรัฐ
11 พ.ย. 2568,ฮานอยเฉพาะกิจ,181,81,36,บ้านกีฬา+สยามรัฐ
12 พ.ย. 2568,ฮานอย,954,54,57,Minh Ngọc+xoso.com.vn
12 พ.ย. 2568,ฮานอย VIP,327,27,39,บ้านกีฬา+สยามรัฐ
12 พ.ย. 2568,ฮานอยพิเศษ,740,40,55,บ้านกีฬา+สยามรัฐ
12 พ.ย. 2568,ฮานอยเฉพาะกิจ,805,05,49,บ้านกีฬา+สยามรัฐ
13 พ.ย. 2568,ฮานอย,950,50,09,Minh Ngọc+xoso.com.vn
13 พ.ย. 2568,ฮานอย VIP,443,43,53,บ้านกีฬา+สยามรัฐ
13 พ.ย. 2568,ฮานอยพิเศษ,048,48,36,บ้านกีฬา+สยามรัฐ
13 พ.ย. 2568,ฮานอยเฉพาะกิจ,674,74,39,บ้านกีฬา+สยามรัฐ
14 พ.ย. 2568,ฮานอย,520,20,13,Minh Ngọc+xoso.com.vn
14 พ.ย. 2568,ฮานอย VIP,436,36,77,บ้านกีฬา+สยามรัฐ
14 พ.ย. 2568,ฮานอยพิเศษ,051,51,07,บ้านกีฬา+สยามรัฐ
14 พ.ย. 2568,ฮานอยเฉพาะกิจ,264,64,15,บ้านกีฬา+สยามรัฐ
15 พ.ย. 2568,ฮานอย,079,79,53,Minh Ngọc+xoso.com.vn
15 พ.ย. 2568,ฮานอย VIP,974,74,91,บ้านกีฬา+สยามรัฐ
15 พ.ย. 2568,ฮานอยพิเศษ,380,80,39,บ้านกีฬา+สยามรัฐ
15 พ.ย. 2568,ฮานอยเฉพาะกิจ,533,33,21,บ้านกีฬา+สยามรัฐ
16 พ.ย. 2568,ฮานอย,721,21,04,Minh Ngọc+xoso.com.vn
16 พ.ย. 2568,ฮานอย VIP,642,42,87,บ้านกีฬา+สยามรัฐ
16 พ.ย. 2568,ฮานอยพิเศษ,929,29,25,บ้านกีฬา+สยามรัฐ
16 พ.ย. 2568,ฮานอยเฉพาะกิจ,471,71,68,บ้านกีฬา+สยามรัฐ
17 พ.ย. 2568,ฮานอย,555,55,24,Minh Ngọc+xoso.com.vn
17 พ.ย. 2568,ฮานอย VIP,166,66,89,บ้านกีฬา+สยามรัฐ
17 พ.ย. 2568,ฮานอยเฉพาะกิจ,028,28,67,บ้านกีฬา+สยามรัฐ
18 พ.ย. 2568,ฮานอย,753,53,75,Minh Ngọc+xoso.com.vn
19 พ.ย. 2568,ฮานอย,070,70,83,Minh Ngọc+xoso.com.vn
19 พ.ย. 2568,ฮานอย VIP,995,95,96,บ้านกีฬา+สยามรัฐ
19 พ.ย. 2568,ฮานอยพิเศษ,790,90,82,บ้านกีฬา+สยามรัฐ
19 พ.ย. 2568,ฮานอยเฉพาะกิจ,610,10,83,บ้านกีฬา+สยามรัฐ
20 พ.ย. 2568,ฮานอย,433,33,50,Minh Ngọc+xoso.com.vn
20 พ.ย. 2568,ฮานอย VIP,163,63,30,บ้านกีฬา+สยามรัฐ
20 พ.ย. 2568,ฮานอยพิเศษ,651,51,67,บ้านกีฬา+สยามรัฐ
20 พ.ย. 2568,ฮานอยเฉพาะกิจ,562,62,89,บ้านกีฬา+สยามรัฐ
21 พ.ย. 2568,ฮานอย,343,43,93,Minh Ngọc+xoso.com.vn
21 พ.ย. 2568,ฮานอยพิเศษ,589,89,11,บ้านกีฬา+สยามรัฐ
21 พ.ย. 2568,ฮานอยเฉพาะกิจ,375,75,04,บ้านกีฬา+สยามรัฐ
22 พ.ย. 2568,ฮานอย,103,03,29,Minh Ngọc+xoso.com.vn
23 พ.ย. 2568,ฮานอย,004,04,44,Minh Ngọc+xoso.com.vn
23 พ.ย. 2568,ฮานอย VIP,715,15,96,บ้านกีฬา+สยามรัฐ
23 พ.ย. 2568,ฮานอยพิเศษ,868,68,67,บ้านกีฬา+สยามรัฐ
23 พ.ย. 2568,ฮานอยเฉพาะกิจ,219,19,90,บ้านกีฬา+สยามรัฐ
24 พ.ย. 2568,ฮานอย,239,39,60,Minh Ngọc+xoso.com.vn
24 พ.ย. 2568,ฮานอย VIP,318,18,31,บ้านกีฬา+สยามรัฐ
24 พ.ย. 2568,ฮานอยพิเศษ,110,10,15,บ้านกีฬา+สยามรัฐ
24 พ.ย. 2568,ฮานอยเฉพาะกิจ,356,56,08,บ้านกีฬา+สยามรัฐ
25 พ.ย. 2568,ฮานอย,938,38,29,Minh Ngọc+xoso.com.vn
25 พ.ย. 2568,ฮานอย VIP,507,07,63,บ้านกีฬา+สยามรัฐ
25 พ.ย. 2568,ฮานอยพิเศษ,282,82,89,บ้านกีฬา+สยามรัฐ
25 พ.ย. 2568,ฮานอยเฉพาะกิจ,543,43,92,บ้านกีฬา+สยามรัฐ
26 พ.ย. 2568,ฮานอย,897,97,65,Minh Ngọc+xoso.com.vn
26 พ.ย. 2568,ฮานอย VIP,027,27,15,บ้านกีฬา+สยามรัฐ
26 พ.ย. 2568,ฮานอยพิเศษ,808,08,68,บ้านกีฬา+สยามรัฐ
27 พ.ย. 2568,ฮานอย,427,27,24,Minh Ngọc+xoso.com.vn
27 พ.ย. 2568,ฮานอย VIP,397,97,06,บ้านกีฬา+สยามรัฐ
27 พ.ย. 2568,ฮานอยพิเศษ,109,09,19,บ้านกีฬา+สยามรัฐ
27 พ.ย. 2568,ฮานอยเฉพาะกิจ,852,52,23,บ้านกีฬา+สยามรัฐ
28 พ.ย. 2568,ฮานอย,834,34,43,Minh Ngọc+xoso.com.vn
28 พ.ย. 2568,ฮานอย VIP,029,29,36,บ้านกีฬา+สยามรัฐ
28 พ.ย. 2568,ฮานอยเฉพาะกิจ,740,40,58,บ้านกีฬา+สยามรัฐ
29 พ.ย. 2568,ฮานอย,090,90,58,Minh Ngọc+xoso.com.vn
29 พ.ย. 2568,ฮานอย VIP,382,82,56,บ้านกีฬา+สยามรัฐ
29 พ.ย. 2568,ฮานอยพิเศษ,805,05,99,บ้านกีฬา+สยามรัฐ
29 พ.ย. 2568,ฮานอยเฉพาะกิจ,902,02,14,บ้านกีฬา+สยามรัฐ
30 พ.ย. 2568,ฮานอย,488,88,62,Minh Ngọc+xoso.com.vn
30 พ.ย. 2568,ฮานอย VIP,085,85,66,บ้านกีฬา+สยามรัฐ
30 พ.ย. 2568,ฮานอยพิเศษ,225,25,43,บ้านกีฬา+สยามรัฐ
30 พ.ย. 2568,ฮานอยเฉพาะกิจ,139,39,76,บ้านกีฬา+สยามรัฐ
1 ธ.ค. 2568,ฮานอย,312,12,92,Minh Ngọc+xoso.com.vn
1 ธ.ค. 2568,ฮานอยพิเศษ,291,91,13,บ้านกีฬา+สยามรัฐ
1 ธ.ค. 2568,ฮานอยเฉพาะกิจ,783,83,26,บ้านกีฬา+สยามรัฐ
2 ธ.ค. 2568,ฮานอย,986,86,75,Minh Ngọc+xoso.com.vn
2 ธ.ค. 2568,ฮานอย VIP,411,11,12,บ้านกีฬา+สยามรัฐ
2 ธ.ค. 2568,ฮานอยพิเศษ,066,66,80,บ้านกีฬา+สยามรัฐ
2 ธ.ค. 2568,ฮานอยเฉพาะกิจ,570,70,17,บ้านกีฬา+สยามรัฐ
3 ธ.ค. 2568,ฮานอย,038,38,12,Minh Ngọc+xoso.com.vn
3 ธ.ค. 2568,ฮานอย VIP,260,60,72,บ้านกีฬา+สยามรัฐ
3 ธ.ค. 2568,ฮานอยพิเศษ,753,53,07,บ้านกีฬา+สยามรัฐ
3 ธ.ค. 2568,ฮานอยเฉพาะกิจ,248,48,35,บ้านกีฬา+สยามรัฐ
4 ธ.ค. 2568,ฮานอย,729,29,36,Minh Ngọc+xoso.com.vn
4 ธ.ค. 2568,ฮานอยพิเศษ,631,31,33,บ้านกีฬา+สยามรัฐ
4 ธ.ค. 2568,ฮานอยเฉพาะกิจ,829,29,60,บ้านกีฬา+สยามรัฐ
5 ธ.ค. 2568,ฮานอย,235,35,25,Minh Ngọc+xoso.com.vn
5 ธ.ค. 2568,ฮานอย VIP,824,24,06,บ้านกีฬา+สยามรัฐ
5 ธ.ค. 2568,ฮานอยพิเศษ,474,74,19,บ้านกีฬา+สยามรัฐ
5 ธ.ค. 2568,ฮานอยเฉพาะกิจ,144,44,56,บ้านกีฬา+สยามรัฐ
6 ธ.ค. 2568,ฮานอย,526,26,04,Minh Ngọc+xoso.com.vn
6 ธ.ค. 2568,ฮานอย VIP,707,07,03,บ้านกีฬา+สยามรัฐ
6 ธ.ค. 2568,ฮานอยพิเศษ,193,93,18,บ้านกีฬา+สยามรัฐ
6 ธ.ค. 2568,ฮานอยเฉพาะกิจ,475,75,81,บ้านกีฬา+สยามรัฐ
7 ธ.ค. 2568,ฮานอย,626,26,50,Minh Ngọc+xoso.com.vn
7 ธ.ค. 2568,ฮานอย VIP,885,85,96,บ้านกีฬา+สยามรัฐ
7 ธ.ค. 2568,ฮานอยพิเศษ,394,94,69,บ้านกีฬา+สยามรัฐ
7 ธ.ค. 2568,ฮานอยเฉพาะกิจ,036,36,29,บ้านกีฬา+สยามรัฐ
8 ธ.ค. 2568,ฮานอย,192,92,06,Minh Ngọc+xoso.com.vn
8 ธ.ค. 2568,ฮานอย VIP,447,47,87,บ้านกีฬา+สยามรัฐ
8 ธ.ค. 2568,ฮานอยพิเศษ,360,60,49,บ้านกีฬา+สยามรัฐ
8 ธ.ค. 2568,ฮานอยเฉพาะกิจ,954,54,73,บ้านกีฬา+สยามรัฐ
9 ธ.ค. 2568,ฮานอย,908,08,87,Minh Ngọc+xoso.com.vn
9 ธ.ค. 2568,ฮานอยพิเศษ,857,57,19,บ้านกีฬา+สยามรัฐ
9 ธ.ค. 2568,ฮานอยเฉพาะกิจ,361,61,80,บ้านกีฬา+สยามรัฐ
10 ธ.ค. 2568,ฮานอย,052,52,99,Minh Ngọc+xoso.com.vn
10 ธ.ค. 2568,ฮานอยพิเศษ,704,04,67,บ้านกีฬา+สยามรัฐ
10 ธ.ค. 2568,ฮานอยเฉพาะกิจ,455,55,12,บ้านกีฬา+สยามรัฐ
11 ธ.ค. 2568,ฮานอย,668,68,89,Minh Ngọc+xoso.com.vn
11 ธ.ค. 2568,ฮานอย VIP,202,02,81,บ้านกีฬา+สยามรัฐ
11 ธ.ค. 2568,ฮานอยพิเศษ,107,07,65,บ้านกีฬา+สยามรัฐ
11 ธ.ค. 2568,ฮานอยเฉพาะกิจ,723,23,94,บ้านกีฬา+สยามรัฐ
12 ธ.ค. 2568,ฮานอย,836,36,33,Minh Ngọc+xoso.com.vn
12 ธ.ค. 2568,ฮานอย VIP,748,48,57,บ้านกีฬา+สยามรัฐ
12 ธ.ค. 2568,ฮานอยพิเศษ,694,94,48,บ้านกีฬา+สยามรัฐ
13 ธ.ค. 2568,ฮานอย,753,53,00,Minh Ngọc+xoso.com.vn
14 ธ.ค. 2568,ฮานอย,968,68,40,Minh Ngọc+xoso.com.vn
14 ธ.ค. 2568,ฮานอย VIP,428,28,04,บ้านกีฬา+สยามรัฐ
15 ธ.ค. 2568,ฮานอย,093,93,30,Minh Ngọc+xoso.com.vn
15 ธ.ค. 2568,ฮานอยพิเศษ,932,32,03,บ้านกีฬา+สยามรัฐ
15 ธ.ค. 2568,ฮานอยเฉพาะกิจ,197,97,48,บ้านกีฬา+สยามรัฐ
16 ธ.ค. 2568,ฮานอย,792,92,94,Minh Ngọc+xoso.com.vn
16 ธ.ค. 2568,ฮานอยพิเศษ,173,73,48,บ้านกีฬา+สยามรัฐ
16 ธ.ค. 2568,ฮานอยเฉพาะกิจ,309,09,16,บ้านกีฬา+สยามรัฐ
17 ธ.ค. 2568,ฮานอย,484,84,89,Minh Ngọc+xoso.com.vn
17 ธ.ค. 2568,ฮานอยเฉพาะกิจ,586,86,32,บ้านกีฬา+สยามรัฐ
18 ธ.ค. 2568,ฮานอย,138,38,45,Minh Ngọc+xoso.com.vn
18 ธ.ค. 2568,ฮานอย VIP,632,32,74,บ้านกีฬา+สยามรัฐ
18 ธ.ค. 2568,ฮานอยพิเศษ,254,54,15,บ้านกีฬา+สยามรัฐ
18 ธ.ค. 2568,ฮานอยเฉพาะกิจ,069,69,82,บ้านกีฬา+สยามรัฐ
19 ธ.ค. 2568,ฮานอย,372,72,72,Minh Ngọc+xoso.com.vn
20 ธ.ค. 2568,ฮานอย,816,16,56,Minh Ngọc+xoso.com.vn
20 ธ.ค. 2568,ฮานอย VIP,044,44,13,บ้านกีฬา+สยามรัฐ
20 ธ.ค. 2568,ฮานอยพิเศษ,868,68,10,บ้านกีฬา+สยามรัฐ
21 ธ.ค. 2568,ฮานอย,036,36,75,Minh Ngọc+xoso.com.vn
21 ธ.ค. 2568,ฮานอย VIP,117,17,01,บ้านกีฬา+สยามรัฐ
21 ธ.ค. 2568,ฮานอยพิเศษ,757,57,53,บ้านกีฬา+สยามรัฐ
21 ธ.ค. 2568,ฮานอยเฉพาะกิจ,531,31,06,บ้านกีฬา+สยามรัฐ
22 ธ.ค. 2568,ฮานอย,496,96,95,Minh Ngọc+xoso.com.vn
22 ธ.ค. 2568,ฮานอยพิเศษ,738,38,31,บ้านกีฬา+สยามรัฐ
22 ธ.ค. 2568,ฮานอยเฉพาะกิจ,275,75,88,บ้านกีฬา+สยามรัฐ
23 ธ.ค. 2568,ฮานอย,059,59,48,Minh Ngọc+xoso.com.vn
23 ธ.ค. 2568,ฮานอย VIP,442,42,07,บ้านกีฬา+สยามรัฐ
23 ธ.ค. 2568,ฮานอยเฉพาะกิจ,194,94,68,บ้านกีฬา+สยามรัฐ
24 ธ.ค. 2568,ฮานอย,629,29,08,Minh Ngọc+xoso.com.vn
24 ธ.ค. 2568,ฮานอย VIP,311,11,57,บ้านกีฬา+สยามรัฐ
24 ธ.ค. 2568,ฮานอยเฉพาะกิจ,427,27,50,บ้านกีฬา+สยามรัฐ
25 ธ.ค. 2568,ฮานอย,199,99,79,Minh Ngọc+xoso.com.vn
25 ธ.ค. 2568,ฮานอย VIP,070,70,49,บ้านกีฬา+สยามรัฐ
25 ธ.ค. 2568,ฮานอยพิเศษ,412,12,40,บ้านกีฬา+สยามรัฐ
25 ธ.ค. 2568,ฮานอยเฉพาะกิจ,853,53,91,บ้านกีฬา+สยามรัฐ
26 ธ.ค. 2568,ฮานอย,636,36,94,Minh Ngọc+xoso.com.vn
26 ธ.ค. 2568,ฮานอย VIP,388,88,48,บ้านกีฬา+สยามรัฐ
26 ธ.ค. 2568,ฮานอยพิเศษ,581,81,75,บ้านกีฬา+สยามรัฐ
26 ธ.ค. 2568,ฮานอยเฉพาะกิจ,012,12,96,บ้านกีฬา+สยามรัฐ
27 ธ.ค. 2568,ฮานอย,982,82,17,Minh Ngọc+xoso.com.vn
27 ธ.ค. 2568,ฮานอย VIP,614,14,32,บ้านกีฬา+สยามรัฐ
27 ธ.ค. 2568,ฮานอยพิเศษ,144,44,37,บ้านกีฬา+สยามรัฐ
27 ธ.ค. 2568,ฮานอยเฉพาะกิจ,920,20,67,บ้านกีฬา+สยามรัฐ
28 ธ.ค. 2568,ฮานอย,905,05,44,Minh Ngọc+xoso.com.vn
28 ธ.ค. 2568,ฮานอย VIP,080,80,71,บ้านกีฬา+สยามรัฐ
28 ธ.ค. 2568,ฮานอยพิเศษ,794,94,95,บ้านกีฬา+สยามรัฐ
28 ธ.ค. 2568,ฮานอยเฉพาะกิจ,842,42,37,บ้านกีฬา+สยามรัฐ
29 ธ.ค. 2568,ฮานอย,437,37,42,Minh Ngọc+xoso.com.vn
30 ธ.ค. 2568,ฮานอย,391,91,41,Minh Ngọc+xoso.com.vn
30 ธ.ค. 2568,ฮานอยพิเศษ,414,14,08,บ้านกีฬา+สยามรัฐ
30 ธ.ค. 2568,ฮานอยเฉพาะกิจ,665,65,28,บ้านกีฬา+สยามรัฐ
31 ธ.ค. 2568,ฮานอย,960,60,58,Minh Ngọc+xoso.com.vn
31 ธ.ค. 2568,ฮานอย VIP,724,24,10,บ้านกีฬา+สยามรัฐ
31 ธ.ค. 2568,ฮานอยพิเศษ,588,88,53,บ้านกีฬา+สยามรัฐ
31 ธ.ค. 2568,ฮานอยเฉพาะกิจ,290,90,17,บ้านกีฬา+สยามรัฐ
1 ม.ค. 2569,ฮานอย,068,68,08,Minh Ngọc+xoso.com.vn
1 ม.ค. 2569,ฮานอย VIP,576,76,66,บ้านกีฬา+สยามรัฐ
1 ม.ค. 2569,ฮานอยพิเศษ,221,21,17,บ้านกีฬา+สยามรัฐ
1 ม.ค. 2569,ฮานอยเฉพาะกิจ,674,74,31,บ้านกีฬา+สยามรัฐ
2 ม.ค. 2569,ฮานอย,748,48,81,Minh Ngọc+xoso.com.vn
2 ม.ค. 2569,ฮานอย VIP,310,10,45,บ้านกีฬา+สยามรัฐ
2 ม.ค. 2569,ฮานอยพิเศษ,280,80,95,บ้านกีฬา+สยามรัฐ
2 ม.ค. 2569,ฮานอยเฉพาะกิจ,387,87,54,บ้านกีฬา+สยามรัฐ
3 ม.ค. 2569,ฮานอย,949,49,57,Minh Ngọc+xoso.com.vn
3 ม.ค. 2569,ฮานอย VIP,721,21,35,บ้านกีฬา+สยามรัฐ
3 ม.ค. 2569,ฮานอยพิเศษ,447,47,32,บ้านกีฬา+สยามรัฐ
3 ม.ค. 2569,ฮานอยเฉพาะกิจ,639,39,64,บ้านกีฬา+สยามรัฐ
4 ม.ค. 2569,ฮานอย,397,97,78,Minh Ngọc+xoso.com.vn
5 ม.ค. 2569,ฮานอย,505,05,01,Minh Ngọc+xoso.com.vn
5 ม.ค. 2569,ฮานอย VIP,785,85,53,บ้านกีฬา+สยามรัฐ
5 ม.ค. 2569,ฮานอยพิเศษ,944,44,78,บ้านกีฬา+สยามรัฐ
5 ม.ค. 2569,ฮานอยเฉพาะกิจ,104,04,72,บ้านกีฬา+สยามรัฐ
6 ม.ค. 2569,ฮานอย,447,47,82,Minh Ngọc+xoso.com.vn
6 ม.ค. 2569,ฮานอย VIP,731,31,99,บ้านกีฬา+สยามรัฐ
6 ม.ค. 2569,ฮานอยพิเศษ,993,93,02,บ้านกีฬา+สยามรัฐ
6 ม.ค. 2569,ฮานอยเฉพาะกิจ,615,15,49,บ้านกีฬา+สยามรัฐ
7 ม.ค. 2569,ฮานอย,389,89,09,Minh Ngọc+xoso.com.vn
7 ม.ค. 2569,ฮานอยพิเศษ,452,52,42,บ้านกีฬา+สยามรัฐ
7 ม.ค. 2569,ฮานอยเฉพาะกิจ,958,58,21,บ้านกีฬา+สยามรัฐ
8 ม.ค. 2569,ฮานอย,162,62,51,Minh Ngọc+xoso.com.vn
8 ม.ค. 2569,ฮานอย VIP,914,14,81,บ้านกีฬา+สยามรัฐ
8 ม.ค. 2569,ฮานอยพิเศษ,251,51,88,บ้านกีฬา+สยามรัฐ
9 ม.ค. 2569,ฮานอย,523,23,12,Minh Ngọc+xoso.com.vn
9 ม.ค. 2569,ฮานอย VIP,386,86,28,บ้านกีฬา+สยามรัฐ
9 ม.ค. 2569,ฮานอยพิเศษ,614,14,47,บ้านกีฬา+สยามรัฐ
9 ม.ค. 2569,ฮานอยเฉพาะกิจ,076,76,35,บ้านกีฬา+สยามรัฐ
10 ม.ค. 2569,ฮานอย,793,93,83,Minh Ngọc+xoso.com.vn
10 ม.ค. 2569,ฮานอย VIP,455,55,21,บ้านกีฬา+สยามรัฐ
10 ม.ค. 2569,ฮานอยพิเศษ,826,26,43,บ้านกีฬา+สยามรัฐ
10 ม.ค. 2569,ฮานอยเฉพาะกิจ,898,98,43,บ้านกีฬา+สยามรัฐ
11 ม.ค. 2569,ฮานอย,438,38,72,Minh Ngọc+xoso.com.vn
11 ม.ค. 2569,ฮานอยพิเศษ,415,15,67,บ้านกีฬา+สยามรัฐ
11 ม.ค. 2569,ฮานอยเฉพาะกิจ,546,46,80,บ้านกีฬา+สยามรัฐ
12 ม.ค. 2569,ฮานอย,894,94,24,Minh Ngọc+xoso.com.vn
12 ม.ค. 2569,ฮานอยเฉพาะกิจ,279,79,61,บ้านกีฬา+สยามรัฐ
13 ม.ค. 2569,ฮานอย,027,27,34,Minh Ngọc+xoso.com.vn
13 ม.ค. 2569,ฮานอย VIP,413,13,65,บ้านกีฬา+สยามรัฐ
13 ม.ค. 2569,ฮานอยพิเศษ,377,77,60,บ้านกีฬา+สยามรัฐ
14 ม.ค. 2569,ฮานอย,817,17,17,Minh Ngọc+xoso.com.vn
14 ม.ค. 2569,ฮานอย VIP,343,43,96,บ้านกีฬา+สยามรัฐ
14 ม.ค. 2569,ฮานอยเฉพาะกิจ,754,54,38,บ้านกีฬา+สยามรัฐ
15 ม.ค. 2569,ฮานอย,522,22,47,Minh Ngọc+xoso.com.vn
15 ม.ค. 2569,ฮานอย VIP,077,77,94,บ้านกีฬา+สยามรัฐ
15 ม.ค. 2569,ฮานอยพิเศษ,665,65,96,บ้านกีฬา+สยามรัฐ
15 ม.ค. 2569,ฮานอยเฉพาะกิจ,230,30,95,บ้านกีฬา+สยามรัฐ
16 ม.ค. 2569,ฮานอย,128,28,89,Minh Ngọc+xoso.com.vn
16 ม.ค. 2569,ฮานอย VIP,393,93,69,บ้านกีฬา+สยามรัฐ
16 ม.ค. 2569,ฮานอยพิเศษ,920,20,28,บ้านกีฬา+สยามรัฐ
16 ม.ค. 2569,ฮานอยเฉพาะกิจ,142,42,88,บ้านกีฬา+สยามรัฐ
17 ม.ค. 2569,ฮานอย,824,24,42,Minh Ngọc+xoso.com.vn
17 ม.ค. 2569,ฮานอย VIP,501,01,31,บ้านกีฬา+สยามรัฐ
17 ม.ค. 2569,ฮานอยพิเศษ,443,43,30,บ้านกีฬา+สยามรัฐ
17 ม.ค. 2569,ฮานอยเฉพาะกิจ,568,68,41,บ้านกีฬา+สยามรัฐ
18 ม.ค. 2569,ฮานอย,151,51,60,Minh Ngọc+xoso.com.vn
18 ม.ค. 2569,ฮานอย VIP,894,94,38,บ้านกีฬา+สยามรัฐ
18 ม.ค. 2569,ฮานอยพิเศษ,355,55,39,บ้านกีฬา+สยามรัฐ
18 ม.ค. 2569,ฮานอยเฉพาะกิจ,406,06,75,บ้านกีฬา+สยามรัฐ
19 ม.ค. 2569,ฮานอย,286,86,86,Minh Ngọc+xoso.com.vn
19 ม.ค. 2569,ฮานอยพิเศษ,485,85,44,บ้านกีฬา+สยามรัฐ
19 ม.ค. 2569,ฮานอยเฉพาะกิจ,781,81,36,บ้านกีฬา+สยามรัฐ
20 ม.ค. 2569,ฮานอย,878,78,76,Minh Ngọc+xoso.com.vn
20 ม.ค. 2569,ฮานอยเฉพาะกิจ,673,73,40,บ้านกีฬา+สยามรัฐ
21 ม.ค. 2569,ฮานอย,186,86,96,Minh Ngọc+xoso.com.vn
21 ม.ค. 2569,ฮานอย VIP,953,53,30,บ้านกีฬา+สยามรัฐ
21 ม.ค. 2569,ฮานอยพิเศษ,923,23,61,บ้านกีฬา+สยามรัฐ
21 ม.ค. 2569,ฮานอยเฉพาะกิจ,805,05,12,บ้านกีฬา+สยามรัฐ
22 ม.ค. 2569,ฮานอย,063,63,41,Minh Ngọc+xoso.com.vn
22 ม.ค. 2569,ฮานอย VIP,912,12,55,บ้านกีฬา+สยามรัฐ
22 ม.ค. 2569,ฮานอยพิเศษ,750,50,81,บ้านกีฬา+สยามรัฐ
22 ม.ค. 2569,ฮานอยเฉพาะกิจ,328,28,93,บ้านกีฬา+สยามรัฐ
23 ม.ค. 2569,ฮานอย,022,22,13,Minh Ngọc+xoso.com.vn
23 ม.ค. 2569,ฮานอย VIP,880,80,17,บ้านกีฬา+สยามรัฐ
23 ม.ค. 2569,ฮานอยพิเศษ,012,12,88,บ้านกีฬา+สยามรัฐ
23 ม.ค. 2569,ฮานอยเฉพาะกิจ,952,52,87,บ้านกีฬา+สยามรัฐ
24 ม.ค. 2569,ฮานอย,062,62,96,Minh Ngọc+xoso.com.vn
24 ม.ค. 2569,ฮานอย VIP,736,36,21,บ้านกีฬา+สยามรัฐ
24 ม.ค. 2569,ฮานอยพิเศษ,885,85,65,บ้านกีฬา+สยามรัฐ
24 ม.ค. 2569,ฮานอยเฉพาะกิจ,719,19,50,บ้านกีฬา+สยามรัฐ
25 ม.ค. 2569,ฮานอย,230,30,60,Minh Ngọc+xoso.com.vn
25 ม.ค. 2569,ฮานอย VIP,991,91,53,บ้านกีฬา+สยามรัฐ
25 ม.ค. 2569,ฮานอยพิเศษ,681,81,04,บ้านกีฬา+สยามรัฐ
25 ม.ค. 2569,ฮานอยเฉพาะกิจ,235,35,74,บ้านกีฬา+สยามรัฐ
26 ม.ค. 2569,ฮานอย,974,74,93,Minh Ngọc+xoso.com.vn
26 ม.ค. 2569,ฮานอย VIP,716,16,48,บ้านกีฬา+สยามรัฐ
26 ม.ค. 2569,ฮานอยพิเศษ,197,97,00,บ้านกีฬา+สยามรัฐ
26 ม.ค. 2569,ฮานอยเฉพาะกิจ,170,70,24,บ้านกีฬา+สยามรัฐ
27 ม.ค. 2569,ฮานอย,380,80,81,Minh Ngọc+xoso.com.vn
27 ม.ค. 2569,ฮานอย VIP,047,47,50,บ้านกีฬา+สยามรัฐ
27 ม.ค. 2569,ฮานอยพิเศษ,848,48,41,บ้านกีฬา+สยามรัฐ
27 ม.ค. 2569,ฮานอยเฉพาะกิจ,869,69,46,บ้านกีฬา+สยามรัฐ
28 ม.ค. 2569,ฮานอย,121,21,94,Minh Ngọc+xoso.com.vn
28 ม.ค. 2569,ฮานอย VIP,548,48,42,บ้านกีฬา+สยามรัฐ
28 ม.ค. 2569,ฮานอยพิเศษ,601,01,06,บ้านกีฬา+สยามรัฐ
28 ม.ค. 2569,ฮานอยเฉพาะกิจ,038,38,65,บ้านกีฬา+สยามรัฐ
29 ม.ค. 2569,ฮานอย,814,14,90,Minh Ngọc+xoso.com.vn
29 ม.ค. 2569,ฮานอย VIP,704,04,10,บ้านกีฬา+สยามรัฐ
29 ม.ค. 2569,ฮานอยพิเศษ,376,76,66,บ้านกีฬา+สยามรัฐ
29 ม.ค. 2569,ฮานอยเฉพาะกิจ,423,23,58,บ้านกีฬา+สยามรัฐ
30 ม.ค. 2569,ฮานอย,845,45,09,Minh Ngọc+xoso.com.vn
30 ม.ค. 2569,ฮานอยพิเศษ,571,71,14,บ้านกีฬา+สยามรัฐ
30 ม.ค. 2569,ฮานอยเฉพาะกิจ,617,17,02,บ้านกีฬา+สยามรัฐ
31 ม.ค. 2569,ฮานอย,754,54,05,Minh Ngọc+xoso.com.vn
31 ม.ค. 2569,ฮานอยพิเศษ,160,60,65,บ้านกีฬา+สยามรัฐ
31 ม.ค. 2569,ฮานอยเฉพาะกิจ,462,62,19,บ้านกีฬา+สยามรัฐ
1 ก.พ. 2569,ฮานอย,377,77,03,Minh Ngọc+xoso.com.vn
1 ก.พ. 2569,ฮานอยพิเศษ,373,73,45,บ้านกีฬา+สยามรัฐ
1 ก.พ. 2569,ฮานอยเฉพาะกิจ,075,75,18,บ้านกีฬา+สยามรัฐ
2 ก.พ. 2569,ฮานอย,461,61,58,Minh Ngọc+xoso.com.vn
2 ก.พ. 2569,ฮานอยเฉพาะกิจ,697,97,53,บ้านกีฬา+สยามรัฐ
3 ก.พ. 2569,ฮานอย,648,48,55,Minh Ngọc+xoso.com.vn
3 ก.พ. 2569,ฮานอย VIP,189,89,67,บ้านกีฬา+สยามรัฐ
3 ก.พ. 2569,ฮานอยพิเศษ,040,40,55,บ้านกีฬา+สยามรัฐ
3 ก.พ. 2569,ฮานอยเฉพาะกิจ,163,63,04,บ้านกีฬา+สยามรัฐ
4 ก.พ. 2569,ฮานอย,517,17,20,Minh Ngọc+xoso.com.vn
4 ก.พ. 2569,ฮานอยเฉพาะกิจ,225,25,16,บ้านกีฬา+สยามรัฐ
5 ก.พ. 2569,ฮานอย,268,68,14,Minh Ngọc+xoso.com.vn
5 ก.พ. 2569,ฮานอย VIP,009,09,17,บ้านกีฬา+สยามรัฐ
5 ก.พ. 2569,ฮานอยพิเศษ,696,96,22,บ้านกีฬา+สยามรัฐ
5 ก.พ. 2569,ฮานอยเฉพาะกิจ,921,21,47,บ้านกีฬา+สยามรัฐ
6 ก.พ. 2569,ฮานอย,133,33,78,Minh Ngọc+xoso.com.vn
6 ก.พ. 2569,ฮานอยเฉพาะกิจ,480,80,32,บ้านกีฬา+สยามรัฐ
7 ก.พ. 2569,ฮานอย,385,85,16,Minh Ngọc+xoso.com.vn
7 ก.พ. 2569,ฮานอย VIP,282,82,78,บ้านกีฬา+สยามรัฐ
7 ก.พ. 2569,ฮานอยพิเศษ,187,87,23,บ้านกีฬา+สยามรัฐ
7 ก.พ. 2569,ฮานอยเฉพาะกิจ,541,41,97,บ้านกีฬา+สยามรัฐ
8 ก.พ. 2569,ฮานอย,977,77,61,Minh Ngọc+xoso.com.vn
8 ก.พ. 2569,ฮานอย VIP,063,63,59,บ้านกีฬา+สยามรัฐ
8 ก.พ. 2569,ฮานอยพิเศษ,052,52,44,บ้านกีฬา+สยามรัฐ
8 ก.พ. 2569,ฮานอยเฉพาะกิจ,672,72,80,บ้านกีฬา+สยามรัฐ
9 ก.พ. 2569,ฮานอย,901,01,98,Minh Ngọc+xoso.com.vn
9 ก.พ. 2569,ฮานอย VIP,116,16,03,บ้านกีฬา+สยามรัฐ
9 ก.พ. 2569,ฮานอยพิเศษ,672,72,39,บ้านกีฬา+สยามรัฐ
9 ก.พ. 2569,ฮานอยเฉพาะกิจ,285,85,69,บ้านกีฬา+สยามรัฐ
10 ก.พ. 2569,ฮานอย,390,90,87,Minh Ngọc+xoso.com.vn
10 ก.พ. 2569,ฮานอย VIP,362,62,74,บ้านกีฬา+สยามรัฐ
10 ก.พ. 2569,ฮานอยพิเศษ,402,02,24,บ้านกีฬา+สยามรัฐ
10 ก.พ. 2569,ฮานอยเฉพาะกิจ,377,77,10,บ้านกีฬา+สยามรัฐ
11 ก.พ. 2569,ฮานอย,692,92,93,Minh Ngọc+xoso.com.vn
11 ก.พ. 2569,ฮานอย VIP,107,07,71,บ้านกีฬา+สยามรัฐ
11 ก.พ. 2569,ฮานอยพิเศษ,615,15,82,บ้านกีฬา+สยามรัฐ
11 ก.พ. 2569,ฮานอยเฉพาะกิจ,834,34,92,บ้านกีฬา+สยามรัฐ
12 ก.พ. 2569,ฮานอย,475,75,41,Minh Ngọc+xoso.com.vn
12 ก.พ. 2569,ฮานอยเฉพาะกิจ,296,96,25,บ้านกีฬา+สยามรัฐ
13 ก.พ. 2569,ฮานอย,177,77,55,Minh Ngọc+xoso.com.vn
13 ก.พ. 2569,ฮานอย VIP,884,84,35,บ้านกีฬา+สยามรัฐ
13 ก.พ. 2569,ฮานอยพิเศษ,839,39,19,บ้านกีฬา+สยามรัฐ
13 ก.พ. 2569,ฮานอยเฉพาะกิจ,067,67,83,บ้านกีฬา+สยามรัฐ
14 ก.พ. 2569,ฮานอย,630,30,22,Minh Ngọc+xoso.com.vn
14 ก.พ. 2569,ฮานอย VIP,657,57,04,บ้านกีฬา+สยามรัฐ
14 ก.พ. 2569,ฮานอยพิเศษ,009,09,56,บ้านกีฬา+สยามรัฐ
14 ก.พ. 2569,ฮานอยเฉพาะกิจ,748,48,51,บ้านกีฬา+สยามรัฐ
15 ก.พ. 2569,ฮานอย,601,01,77,Minh Ngọc+xoso.com.vn
15 ก.พ. 2569,ฮานอย VIP,420,20,31,บ้านกีฬา+สยามรัฐ
15 ก.พ. 2569,ฮานอยพิเศษ,953,53,25,บ้านกีฬา+สยามรัฐ
15 ก.พ. 2569,ฮานอยเฉพาะกิจ,602,02,78,บ้านกีฬา+สยามรัฐ
18 ก.พ. 2569,ฮานอยเฉพาะกิจ,781,81,60,บ้านกีฬา+สยามรัฐ
19 ก.พ. 2569,ฮานอยเฉพาะกิจ,593,93,44,บ้านกีฬา+สยามรัฐ
20 ก.พ. 2569,ฮานอย,481,81,16,Minh Ngọc+xoso.com.vn
20 ก.พ. 2569,ฮานอย VIP,904,04,96,บ้านกีฬา+สยามรัฐ
20 ก.พ. 2569,ฮานอยพิเศษ,814,14,56,บ้านกีฬา+สยามรัฐ
21 ก.พ. 2569,ฮานอย,413,13,91,Minh Ngọc+xoso.com.vn
21 ก.พ. 2569,ฮานอย VIP,683,83,26,บ้านกีฬา+สยามรัฐ
21 ก.พ. 2569,ฮานอยพิเศษ,835,35,31,บ้านกีฬา+สยามรัฐ
21 ก.พ. 2569,ฮานอยเฉพาะกิจ,156,56,94,บ้านกีฬา+สยามรัฐ
22 ก.พ. 2569,ฮานอย,512,12,88,Minh Ngọc+xoso.com.vn
22 ก.พ. 2569,ฮานอยพิเศษ,687,87,92,บ้านกีฬา+สยามรัฐ
22 ก.พ. 2569,ฮานอยเฉพาะกิจ,329,29,75,บ้านกีฬา+สยามรัฐ
23 ก.พ. 2569,ฮานอย,655,55,74,Minh Ngọc+xoso.com.vn
24 ก.พ. 2569,ฮานอย,037,37,69,Minh Ngọc+xoso.com.vn
25 ก.พ. 2569,ฮานอย,153,53,01,Minh Ngọc+xoso.com.vn
25 ก.พ. 2569,ฮานอยพิเศษ,819,19,84,บ้านกีฬา+สยามรัฐ
25 ก.พ. 2569,ฮานอยเฉพาะกิจ,087,87,05,บ้านกีฬา+สยามรัฐ
26 ก.พ. 2569,ฮานอย,408,08,53,Minh Ngọc+xoso.com.vn
26 ก.พ. 2569,ฮานอยพิเศษ,034,34,96,บ้านกีฬา+สยามรัฐ
26 ก.พ. 2569,ฮานอยเฉพาะกิจ,945,45,81,บ้านกีฬา+สยามรัฐ
27 ก.พ. 2569,ฮานอย,283,83,45,Minh Ngọc+xoso.com.vn
27 ก.พ. 2569,ฮานอย VIP,149,49,15,บ้านกีฬา+สยามรัฐ
27 ก.พ. 2569,ฮานอยพิเศษ,284,84,85,บ้านกีฬา+สยามรัฐ
27 ก.พ. 2569,ฮานอยเฉพาะกิจ,203,03,59,บ้านกีฬา+สยามรัฐ
28 ก.พ. 2569,ฮานอย,891,91,59,Minh Ngọc+xoso.com.vn
28 ก.พ. 2569,ฮานอย VIP,634,34,67,บ้านกีฬา+สยามรัฐ
28 ก.พ. 2569,ฮานอยพิเศษ,801,01,31,บ้านกีฬา+สยามรัฐ
28 ก.พ. 2569,ฮานอยเฉพาะกิจ,842,42,67,บ้านกีฬา+สยามรัฐ
1 มี.ค. 2569,ฮานอย,148,48,16,Minh Ngọc+xoso.com.vn
2 มี.ค. 2569,ฮานอย,257,57,45,Minh Ngọc+xoso.com.vn
2 มี.ค. 2569,ฮานอยพิเศษ,132,32,02,บ้านกีฬา+สยามรัฐ
2 มี.ค. 2569,ฮานอยเฉพาะกิจ,494,94,23,บ้านกีฬา+สยามรัฐ
3 มี.ค. 2569,ฮานอย,078,78,50,Minh Ngọc+xoso.com.vn
3 มี.ค. 2569,ฮานอยเฉพาะกิจ,510,10,37,บ้านกีฬา+สยามรัฐ
4 มี.ค. 2569,ฮานอย,619,19,45,Minh Ngọc+xoso.com.vn
4 มี.ค. 2569,ฮานอย VIP,065,65,58,บ้านกีฬา+สยามรัฐ
4 มี.ค. 2569,ฮานอยเฉพาะกิจ,831,31,96,บ้านกีฬา+สยามรัฐ
5 มี.ค. 2569,ฮานอย,659,59,79,Minh Ngọc+xoso.com.vn
5 มี.ค. 2569,ฮานอย VIP,247,47,70,บ้านกีฬา+สยามรัฐ
5 มี.ค. 2569,ฮานอยพิเศษ,923,23,01,บ้านกีฬา+สยามรัฐ
5 มี.ค. 2569,ฮานอยเฉพาะกิจ,948,48,52,บ้านกีฬา+สยามรัฐ
6 มี.ค. 2569,ฮานอย,249,49,50,Minh Ngọc+xoso.com.vn
6 มี.ค. 2569,ฮานอย VIP,908,08,09,บ้านกีฬา+สยามรัฐ
6 มี.ค. 2569,ฮานอยพิเศษ,772,72,50,บ้านกีฬา+สยามรัฐ
6 มี.ค. 2569,ฮานอยเฉพาะกิจ,164,64,27,บ้านกีฬา+สยามรัฐ
7 มี.ค. 2569,ฮานอย,951,51,73,Minh Ngọc+xoso.com.vn
7 มี.ค. 2569,ฮานอยพิเศษ,254,54,14,บ้านกีฬา+สยามรัฐ
7 มี.ค. 2569,ฮานอยเฉพาะกิจ,689,89,61,บ้านกีฬา+สยามรัฐ
8 มี.ค. 2569,ฮานอย,336,36,75,Minh Ngọc+xoso.com.vn
8 มี.ค. 2569,ฮานอย VIP,719,19,51,บ้านกีฬา+สยามรัฐ
8 มี.ค. 2569,ฮานอยพิเศษ,733,33,64,บ้านกีฬา+สยามรัฐ
8 มี.ค. 2569,ฮานอยเฉพาะกิจ,753,53,40,บ้านกีฬา+สยามรัฐ
9 มี.ค. 2569,ฮานอย,580,80,40,Minh Ngọc+xoso.com.vn
10 มี.ค. 2569,ฮานอย,342,42,58,Minh Ngọc+xoso.com.vn
11 มี.ค. 2569,ฮานอย,368,68,56,Minh Ngọc+xoso.com.vn
12 มี.ค. 2569,ฮานอย,124,24,30,Minh Ngọc+xoso.com.vn
13 มี.ค. 2569,ฮานอย,759,59,07,Minh Ngọc+xoso.com.vn
14 มี.ค. 2569,ฮานอย,848,48,83,Minh Ngọc+xoso.com.vn
15 มี.ค. 2569,ฮานอย,770,70,96,Minh Ngọc+xoso.com.vn
16 มี.ค. 2569,ฮานอย,552,52,46,Minh Ngọc+xoso.com.vn
17 มี.ค. 2569,ฮานอย,969,69,35,Minh Ngọc+xoso.com.vn
18 มี.ค. 2569,ฮานอย,287,87,70,Minh Ngọc+xoso.com.vn
19 มี.ค. 2569,ฮานอย,495,95,94,Minh Ngọc+xoso.com.vn
20 มี.ค. 2569,ฮานอย,124,24,83,Minh Ngọc+xoso.com.vn
21 มี.ค. 2569,ฮานอย,594,94,52,Minh Ngọc+xoso.com.vn
21 มี.ค. 2569,ฮานอยพิเศษ,466,66,51,บ้านกีฬา+สยามรัฐ
21 มี.ค. 2569,ฮานอยเฉพาะกิจ,455,55,48,บ้านกีฬา+สยามรัฐ
22 มี.ค. 2569,ฮานอย,646,46,21,Minh Ngọc+xoso.com.vn
22 มี.ค. 2569,ฮานอย VIP,506,06,15,บ้านกีฬา+สยามรัฐ
22 มี.ค. 2569,ฮานอยพิเศษ,967,67,99,บ้านกีฬา+สยามรัฐ
22 มี.ค. 2569,ฮานอยเฉพาะกิจ,237,37,14,บ้านกีฬา+สยามรัฐ
23 มี.ค. 2569,ฮานอย,514,14,90,Minh Ngọc+xoso.com.vn
23 มี.ค. 2569,ฮานอย VIP,818,18,28,บ้านกีฬา+สยามรัฐ
23 มี.ค. 2569,ฮานอยพิเศษ,241,41,51,บ้านกีฬา+สยามรัฐ
23 มี.ค. 2569,ฮานอยเฉพาะกิจ,059,59,21,บ้านกีฬา+สยามรัฐ
24 มี.ค. 2569,ฮานอย,829,29,31,Minh Ngọc+xoso.com.vn
24 มี.ค. 2569,ฮานอย VIP,902,02,51,บ้านกีฬา+สยามรัฐ
24 มี.ค. 2569,ฮานอยพิเศษ,885,85,86,บ้านกีฬา+สยามรัฐ
24 มี.ค. 2569,ฮานอยเฉพาะกิจ,402,02,83,บ้านกีฬา+สยามรัฐ
25 มี.ค. 2569,ฮานอย,988,88,66,Minh Ngọc+xoso.com.vn
25 มี.ค. 2569,ฮานอย VIP,740,40,28,บ้านกีฬา+สยามรัฐ
25 มี.ค. 2569,ฮานอยพิเศษ,807,07,92,บ้านกีฬา+สยามรัฐ
25 มี.ค. 2569,ฮานอยเฉพาะกิจ,954,54,66,บ้านกีฬา+สยามรัฐ
26 มี.ค. 2569,ฮานอย,693,93,94,Minh Ngọc+xoso.com.vn
26 มี.ค. 2569,ฮานอย VIP,484,84,37,บ้านกีฬา+สยามรัฐ
26 มี.ค. 2569,ฮานอยพิเศษ,022,22,38,บ้านกีฬา+สยามรัฐ
26 มี.ค. 2569,ฮานอยเฉพาะกิจ,612,12,05,บ้านกีฬา+สยามรัฐ
27 มี.ค. 2569,ฮานอย,332,32,33,Minh Ngọc+xoso.com.vn
27 มี.ค. 2569,ฮานอย VIP,959,59,64,บ้านกีฬา+สยามรัฐ
27 มี.ค. 2569,ฮานอยพิเศษ,339,39,76,บ้านกีฬา+สยามรัฐ
27 มี.ค. 2569,ฮานอยเฉพาะกิจ,390,90,45,บ้านกีฬา+สยามรัฐ
28 มี.ค. 2569,ฮานอย,422,22,43,Minh Ngọc+xoso.com.vn
28 มี.ค. 2569,ฮานอย VIP,372,72,68,บ้านกีฬา+สยามรัฐ
28 มี.ค. 2569,ฮานอยพิเศษ,178,78,91,บ้านกีฬา+สยามรัฐ
28 มี.ค. 2569,ฮานอยเฉพาะกิจ,967,67,24,บ้านกีฬา+สยามรัฐ
29 มี.ค. 2569,ฮานอย,188,88,95,Minh Ngọc+xoso.com.vn
29 มี.ค. 2569,ฮานอย VIP,354,54,43,บ้านกีฬา+สยามรัฐ
29 มี.ค. 2569,ฮานอยพิเศษ,039,39,75,บ้านกีฬา+สยามรัฐ
29 มี.ค. 2569,ฮานอยเฉพาะกิจ,816,16,79,บ้านกีฬา+สยามรัฐ
30 มี.ค. 2569,ฮานอย,464,64,65,Minh Ngọc+xoso.com.vn
30 มี.ค. 2569,ฮานอย VIP,329,29,62,บ้านกีฬา+สยามรัฐ
30 มี.ค. 2569,ฮานอยพิเศษ,046,46,56,บ้านกีฬา+สยามรัฐ
30 มี.ค. 2569,ฮานอยเฉพาะกิจ,538,38,20,บ้านกีฬา+สยามรัฐ
31 มี.ค. 2569,ฮานอย,591,91,49,Minh Ngọc+xoso.com.vn
31 มี.ค. 2569,ฮานอยพิเศษ,322,22,84,บ้านกีฬา+สยามรัฐ
31 มี.ค. 2569,ฮานอยเฉพาะกิจ,107,07,25,บ้านกีฬา+สยามรัฐ
1 เม.ย. 2569,ฮานอย,666,66,08,Minh Ngọc+xoso.com.vn
2 เม.ย. 2569,ฮานอย,267,67,50,Minh Ngọc+xoso.com.vn
2 เม.ย. 2569,ฮานอย VIP,156,56,59,บ้านกีฬา+สยามรัฐ
2 เม.ย. 2569,ฮานอยพิเศษ,230,30,12,บ้านกีฬา+สยามรัฐ
2 เม.ย. 2569,ฮานอยเฉพาะกิจ,432,32,71,บ้านกีฬา+สยามรัฐ
3 เม.ย. 2569,ฮานอย,944,44,91,Minh Ngọc+xoso.com.vn
3 เม.ย. 2569,ฮานอย VIP,282,82,86,บ้านกีฬา+สยามรัฐ
3 เม.ย. 2569,ฮานอยเฉพาะกิจ,284,84,93,บ้านกีฬา+สยามรัฐ
4 เม.ย. 2569,ฮานอย,737,37,82,Minh Ngọc+xoso.com.vn
4 เม.ย. 2569,ฮานอยพิเศษ,162,62,21,บ้านกีฬา+สยามรัฐ
4 เม.ย. 2569,ฮานอยเฉพาะกิจ,036,36,74,บ้านกีฬา+สยามรัฐ
5 เม.ย. 2569,ฮานอย,855,55,40,Minh Ngọc+xoso.com.vn
5 เม.ย. 2569,ฮานอย VIP,367,67,82,บ้านกีฬา+สยามรัฐ
5 เม.ย. 2569,ฮานอยพิเศษ,602,02,03,บ้านกีฬา+สยามรัฐ
5 เม.ย. 2569,ฮานอยเฉพาะกิจ,729,29,64,บ้านกีฬา+สยามรัฐ
6 เม.ย. 2569,ฮานอย,406,06,32,Minh Ngọc+xoso.com.vn
6 เม.ย. 2569,ฮานอย VIP,283,83,03,บ้านกีฬา+สยามรัฐ
6 เม.ย. 2569,ฮานอยเฉพาะกิจ,158,58,62,บ้านกีฬา+สยามรัฐ
7 เม.ย. 2569,ฮานอย,382,82,29,Minh Ngọc+xoso.com.vn
7 เม.ย. 2569,ฮานอย VIP,671,71,76,บ้านกีฬา+สยามรัฐ
7 เม.ย. 2569,ฮานอยพิเศษ,573,73,61,บ้านกีฬา+สยามรัฐ
7 เม.ย. 2569,ฮานอยเฉพาะกิจ,413,13,81,บ้านกีฬา+สยามรัฐ
8 เม.ย. 2569,ฮานอย,450,50,35,Minh Ngọc+xoso.com.vn
8 เม.ย. 2569,ฮานอย VIP,802,02,32,บ้านกีฬา+สยามรัฐ
8 เม.ย. 2569,ฮานอยพิเศษ,592,92,86,บ้านกีฬา+สยามรัฐ
8 เม.ย. 2569,ฮานอยเฉพาะกิจ,808,08,34,บ้านกีฬา+สยามรัฐ
9 เม.ย. 2569,ฮานอย,625,25,49,Minh Ngọc+xoso.com.vn
9 เม.ย. 2569,ฮานอย VIP,112,12,60,บ้านกีฬา+สยามรัฐ
9 เม.ย. 2569,ฮานอยเฉพาะกิจ,522,22,76,บ้านกีฬา+สยามรัฐ
10 เม.ย. 2569,ฮานอย,120,20,18,Minh Ngọc+xoso.com.vn
10 เม.ย. 2569,ฮานอย VIP,952,52,23,บ้านกีฬา+สยามรัฐ
10 เม.ย. 2569,ฮานอยพิเศษ,057,57,06,บ้านกีฬา+สยามรัฐ
10 เม.ย. 2569,ฮานอยเฉพาะกิจ,915,15,48,บ้านกีฬา+สยามรัฐ
11 เม.ย. 2569,ฮานอย,204,04,03,Minh Ngọc+xoso.com.vn
11 เม.ย. 2569,ฮานอย VIP,573,73,09,บ้านกีฬา+สยามรัฐ
11 เม.ย. 2569,ฮานอยพิเศษ,804,04,86,บ้านกีฬา+สยามรัฐ
11 เม.ย. 2569,ฮานอยเฉพาะกิจ,841,41,35,บ้านกีฬา+สยามรัฐ
12 เม.ย. 2569,ฮานอย,000,00,62,Minh Ngọc+xoso.com.vn
12 เม.ย. 2569,ฮานอยพิเศษ,854,54,42,บ้านกีฬา+สยามรัฐ
12 เม.ย. 2569,ฮานอยเฉพาะกิจ,065,65,94,บ้านกีฬา+สยามรัฐ
13 เม.ย. 2569,ฮานอย,738,38,09,Minh Ngọc+xoso.com.vn
13 เม.ย. 2569,ฮานอยพิเศษ,404,04,66,บ้านกีฬา+สยามรัฐ
13 เม.ย. 2569,ฮานอยเฉพาะกิจ,830,30,27,บ้านกีฬา+สยามรัฐ
14 เม.ย. 2569,ฮานอย,763,63,33,Minh Ngọc+xoso.com.vn
14 เม.ย. 2569,ฮานอย VIP,166,66,19,บ้านกีฬา+สยามรัฐ
14 เม.ย. 2569,ฮานอยพิเศษ,098,98,12,บ้านกีฬา+สยามรัฐ
14 เม.ย. 2569,ฮานอยเฉพาะกิจ,154,54,69,บ้านกีฬา+สยามรัฐ
15 เม.ย. 2569,ฮานอย,714,14,68,Minh Ngọc+xoso.com.vn
15 เม.ย. 2569,ฮานอย VIP,054,54,56,บ้านกีฬา+สยามรัฐ
15 เม.ย. 2569,ฮานอยพิเศษ,128,28,35,บ้านกีฬา+สยามรัฐ
15 เม.ย. 2569,ฮานอยเฉพาะกิจ,152,52,78,บ้านกีฬา+สยามรัฐ
16 เม.ย. 2569,ฮานอย,035,35,27,Minh Ngọc+xoso.com.vn
16 เม.ย. 2569,ฮานอยพิเศษ,430,30,04,บ้านกีฬา+สยามรัฐ
16 เม.ย. 2569,ฮานอยเฉพาะกิจ,337,37,85,บ้านกีฬา+สยามรัฐ
17 เม.ย. 2569,ฮานอย,455,55,14,Minh Ngọc+xoso.com.vn
17 เม.ย. 2569,ฮานอย VIP,839,39,92,บ้านกีฬา+สยามรัฐ
17 เม.ย. 2569,ฮานอยพิเศษ,497,97,36,บ้านกีฬา+สยามรัฐ
17 เม.ย. 2569,ฮานอยเฉพาะกิจ,583,83,16,บ้านกีฬา+สยามรัฐ
18 เม.ย. 2569,ฮานอย,243,43,13,Minh Ngọc+xoso.com.vn
18 เม.ย. 2569,ฮานอย VIP,520,20,61,บ้านกีฬา+สยามรัฐ
18 เม.ย. 2569,ฮานอยพิเศษ,135,35,92,บ้านกีฬา+สยามรัฐ
18 เม.ย. 2569,ฮานอยเฉพาะกิจ,374,74,06,บ้านกีฬา+สยามรัฐ
19 เม.ย. 2569,ฮานอย,725,25,16,Minh Ngọc+xoso.com.vn
19 เม.ย. 2569,ฮานอย VIP,470,70,36,บ้านกีฬา+สยามรัฐ
19 เม.ย. 2569,ฮานอยพิเศษ,742,42,40,บ้านกีฬา+สยามรัฐ
19 เม.ย. 2569,ฮานอยเฉพาะกิจ,394,94,51,บ้านกีฬา+สยามรัฐ
20 เม.ย. 2569,ฮานอย,197,97,97,Minh Ngọc+xoso.com.vn
20 เม.ย. 2569,ฮานอย VIP,316,16,66,บ้านกีฬา+สยามรัฐ
20 เม.ย. 2569,ฮานอยพิเศษ,422,22,34,บ้านกีฬา+สยามรัฐ
20 เม.ย. 2569,ฮานอยเฉพาะกิจ,043,43,28,บ้านกีฬา+สยามรัฐ
21 เม.ย. 2569,ฮานอย,076,76,42,Minh Ngọc+xoso.com.vn
21 เม.ย. 2569,ฮานอย VIP,282,82,37,บ้านกีฬา+สยามรัฐ
21 เม.ย. 2569,ฮานอยพิเศษ,349,49,74,บ้านกีฬา+สยามรัฐ
21 เม.ย. 2569,ฮานอยเฉพาะกิจ,860,60,11,บ้านกีฬา+สยามรัฐ
22 เม.ย. 2569,ฮานอย,948,48,41,Minh Ngọc+xoso.com.vn
22 เม.ย. 2569,ฮานอย VIP,818,18,76,บ้านกีฬา+สยามรัฐ
22 เม.ย. 2569,ฮานอยพิเศษ,006,06,71,บ้านกีฬา+สยามรัฐ
22 เม.ย. 2569,ฮานอยเฉพาะกิจ,975,75,53,บ้านกีฬา+สยามรัฐ
23 เม.ย. 2569,ฮานอย,239,39,91,Minh Ngọc+xoso.com.vn
23 เม.ย. 2569,ฮานอยพิเศษ,556,56,97,บ้านกีฬา+สยามรัฐ
23 เม.ย. 2569,ฮานอยเฉพาะกิจ,419,19,32,บ้านกีฬา+สยามรัฐ
24 เม.ย. 2569,ฮานอย,876,76,79,Minh Ngọc+xoso.com.vn
24 เม.ย. 2569,ฮานอย VIP,491,91,72,บ้านกีฬา+สยามรัฐ
24 เม.ย. 2569,ฮานอยพิเศษ,393,93,88,บ้านกีฬา+สยามรัฐ
24 เม.ย. 2569,ฮานอยเฉพาะกิจ,746,46,01,บ้านกีฬา+สยามรัฐ
25 เม.ย. 2569,ฮานอย,717,17,50,Minh Ngọc+xoso.com.vn
25 เม.ย. 2569,ฮานอย VIP,304,04,08,บ้านกีฬา+สยามรัฐ
25 เม.ย. 2569,ฮานอยพิเศษ,574,74,46,บ้านกีฬา+สยามรัฐ
25 เม.ย. 2569,ฮานอยเฉพาะกิจ,482,82,36,บ้านกีฬา+สยามรัฐ
26 เม.ย. 2569,ฮานอย,228,28,08,Minh Ngọc+xoso.com.vn
26 เม.ย. 2569,ฮานอย VIP,857,57,62,บ้านกีฬา+สยามรัฐ
26 เม.ย. 2569,ฮานอยพิเศษ,361,61,53,บ้านกีฬา+สยามรัฐ
26 เม.ย. 2569,ฮานอยเฉพาะกิจ,251,51,88,บ้านกีฬา+สยามรัฐ
27 เม.ย. 2569,ฮานอย,059,59,64,Minh Ngọc+xoso.com.vn
27 เม.ย. 2569,ฮานอยพิเศษ,009,09,10,บ้านกีฬา+สยามรัฐ
27 เม.ย. 2569,ฮานอยเฉพาะกิจ,635,35,29,บ้านกีฬา+สยามรัฐ
28 เม.ย. 2569,ฮานอย,254,54,38,Minh Ngọc+xoso.com.vn
28 เม.ย. 2569,ฮานอย VIP,595,95,85,บ้านกีฬา+สยามรัฐ
28 เม.ย. 2569,ฮานอยพิเศษ,144,44,32,บ้านกีฬา+สยามรัฐ
28 เม.ย. 2569,ฮานอยเฉพาะกิจ,176,76,31,บ้านกีฬา+สยามรัฐ
29 เม.ย. 2569,ฮานอย,569,69,20,Minh Ngọc+xoso.com.vn
29 เม.ย. 2569,ฮานอยพิเศษ,701,01,36,บ้านกีฬา+สยามรัฐ
29 เม.ย. 2569,ฮานอยเฉพาะกิจ,920,20,45,บ้านกีฬา+สยามรัฐ
30 เม.ย. 2569,ฮานอย,075,75,57,Minh Ngọc+xoso.com.vn
30 เม.ย. 2569,ฮานอยเฉพาะกิจ,581,81,70,บ้านกีฬา+สยามรัฐ
1 พ.ค. 2569,ฮานอย,637,37,96,Minh Ngọc+xoso.com.vn
1 พ.ค. 2569,ฮานอยพิเศษ,912,12,20,บ้านกีฬา+สยามรัฐ
1 พ.ค. 2569,ฮานอยเฉพาะกิจ,714,14,83,บ้านกีฬา+สยามรัฐ
2 พ.ค. 2569,ฮานอย,132,32,57,Minh Ngọc+Sanook+xoso.com.vn
2 พ.ค. 2569,ฮานอย VIP,263,63,48,บ้านกีฬา+Sanook+สยามรัฐ
2 พ.ค. 2569,ฮานอยพิเศษ,608,08,98,บ้านกีฬา+Sanook+สยามรัฐ
2 พ.ค. 2569,ฮานอยเฉพาะกิจ,595,95,24,บ้านกีฬา+Sanook+สยามรัฐ
3 พ.ค. 2569,ฮานอย,964,64,78,Minh Ngọc+Sanook+xoso.com.vn
3 พ.ค. 2569,ฮานอย VIP,212,12,13,บ้านกีฬา+Sanook+สยามรัฐ
3 พ.ค. 2569,ฮานอยพิเศษ,237,37,10,บ้านกีฬา+Sanook+สยามรัฐ
3 พ.ค. 2569,ฮานอยเฉพาะกิจ,971,71,40,บ้านกีฬา+Sanook
4 พ.ค. 2569,ฮานอย,251,51,14,Minh Ngọc+Sanook+xoso.com.vn
4 พ.ค. 2569,ฮานอย VIP,928,28,60,บ้านกีฬา+Sanook+สยามรัฐ
4 พ.ค. 2569,ฮานอยพิเศษ,284,84,68,บ้านกีฬา+สยามรัฐ
4 พ.ค. 2569,ฮานอยเฉพาะกิจ,832,32,57,บ้านกีฬา+Sanook+สยามรัฐ
5 พ.ค. 2569,ฮานอย,512,12,66,Minh Ngọc+Sanook+xoso.com.vn
5 พ.ค. 2569,ฮานอย VIP,442,42,19,บ้านกีฬา+Sanook
5 พ.ค. 2569,ฮานอยพิเศษ,401,01,28,บ้านกีฬา+Sanook
5 พ.ค. 2569,ฮานอยเฉพาะกิจ,013,13,63,บ้านกีฬา+Sanook+สยามรัฐ
6 พ.ค. 2569,ฮานอย,241,41,80,Minh Ngọc+Sanook+xoso.com.vn
6 พ.ค. 2569,ฮานอย VIP,101,01,85,บ้านกีฬา+Sanook+สยามรัฐ
6 พ.ค. 2569,ฮานอยพิเศษ,221,21,88,บ้านกีฬา+Sanook+สยามรัฐ
6 พ.ค. 2569,ฮานอยเฉพาะกิจ,469,69,08,บ้านกีฬา+Sanook+สยามรัฐ
7 พ.ค. 2569,ฮานอย,540,40,51,Minh Ngọc+Sanook+xoso.com.vn
7 พ.ค. 2569,ฮานอย VIP,183,83,99,บ้านกีฬา+Sanook+สยามรัฐ
7 พ.ค. 2569,ฮานอยพิเศษ,627,27,71,บ้านกีฬา+Sanook+สยามรัฐ
7 พ.ค. 2569,ฮานอยเฉพาะกิจ,910,10,65,บ้านกีฬา+Sanook+สยามรัฐ
8 พ.ค. 2569,ฮานอย,147,47,44,Minh Ngọc+Sanook+xoso.com.vn
8 พ.ค. 2569,ฮานอย VIP,652,52,75,Sanook
8 พ.ค. 2569,ฮานอยพิเศษ,865,65,46,Sanook
8 พ.ค. 2569,ฮานอยเฉพาะกิจ,214,14,37,Sanook+สยามรัฐ
9 พ.ค. 2569,ฮานอย,192,92,52,Minh Ngọc+Sanook+xoso.com.vn
9 พ.ค. 2569,ฮานอย VIP,894,94,15,บ้านกีฬา+Sanook+สยามรัฐ
9 พ.ค. 2569,ฮานอยพิเศษ,454,54,23,บ้านกีฬา+Sanook+สยามรัฐ
9 พ.ค. 2569,ฮานอยเฉพาะกิจ,436,36,86,บ้านกีฬา+Sanook+สยามรัฐ
10 พ.ค. 2569,ฮานอย,223,23,17,Minh Ngọc+Sanook+xoso.com.vn
10 พ.ค. 2569,ฮานอย VIP,054,54,99,บ้านกีฬา+Sanook+สยามรัฐ
10 พ.ค. 2569,ฮานอยพิเศษ,874,74,73,บ้านกีฬา+Sanook+สยามรัฐ
10 พ.ค. 2569,ฮานอยเฉพาะกิจ,658,58,93,Sanook+สยามรัฐ
11 พ.ค. 2569,ฮานอย,117,17,57,Minh Ngọc+Sanook+xoso.com.vn
11 พ.ค. 2569,ฮานอย VIP,673,73,32,บ้านกีฬา+Sanook+สยามรัฐ
11 พ.ค. 2569,ฮานอยพิเศษ,626,26,35,บ้านกีฬา+Sanook+สยามรัฐ
11 พ.ค. 2569,ฮานอยเฉพาะกิจ,178,78,52,บ้านกีฬา+Sanook+สยามรัฐ
12 พ.ค. 2569,ฮานอย,233,33,04,Minh Ngọc+Sanook+xoso.com.vn
12 พ.ค. 2569,ฮานอย VIP,986,86,48,Sanook
12 พ.ค. 2569,ฮานอยพิเศษ,399,99,70,Sanook
12 พ.ค. 2569,ฮานอยเฉพาะกิจ,168,68,90,Sanook+สยามรัฐ
13 พ.ค. 2569,ฮานอย,138,38,61,Minh Ngọc+Sanook+xoso.com.vn
13 พ.ค. 2569,ฮานอย VIP,703,03,37,บ้านกีฬา+Sanook+สยามรัฐ
13 พ.ค. 2569,ฮานอยพิเศษ,037,37,51,บ้านกีฬา+Sanook+สยามรัฐ
13 พ.ค. 2569,ฮานอยเฉพาะกิจ,392,92,89,บ้านกีฬา+Sanook+สยามรัฐ
14 พ.ค. 2569,ฮานอย,669,69,24,Minh Ngọc+Sanook+xoso.com.vn
14 พ.ค. 2569,ฮานอย VIP,339,39,54,บ้านกีฬา+Sanook
14 พ.ค. 2569,ฮานอยพิเศษ,761,61,69,บ้านกีฬา+Sanook
14 พ.ค. 2569,ฮานอยเฉพาะกิจ,128,28,06,บ้านกีฬา+Sanook+สยามรัฐ
15 พ.ค. 2569,ฮานอย,294,94,92,Minh Ngọc+Sanook+xoso.com.vn
15 พ.ค. 2569,ฮานอย VIP,032,32,20,บ้านกีฬา+Sanook
15 พ.ค. 2569,ฮานอยพิเศษ,481,81,88,บ้านกีฬา+Sanook+สยามรัฐ
15 พ.ค. 2569,ฮานอยเฉพาะกิจ,350,50,26,Sanook+สยามรัฐ
16 พ.ค. 2569,ฮานอย,404,04,78,Minh Ngọc+Sanook+xoso.com.vn
16 พ.ค. 2569,ฮานอย VIP,772,72,01,บ้านกีฬา+Sanook
16 พ.ค. 2569,ฮานอยพิเศษ,496,96,51,บ้านกีฬา+Sanook+สยามรัฐ
16 พ.ค. 2569,ฮานอยเฉพาะกิจ,527,27,41,บ้านกีฬา+Sanook+สยามรัฐ
17 พ.ค. 2569,ฮานอย,684,84,06,Minh Ngọc+Sanook+xoso.com.vn
17 พ.ค. 2569,ฮานอย VIP,281,81,04,บ้านกีฬา+Sanook
17 พ.ค. 2569,ฮานอยพิเศษ,030,30,35,บ้านกีฬา+Sanook
17 พ.ค. 2569,ฮานอยเฉพาะกิจ,706,06,49,บ้านกีฬา+Sanook+สยามรัฐ
18 พ.ค. 2569,ฮานอย,361,61,89,Minh Ngọc+Sanook+xoso.com.vn
18 พ.ค. 2569,ฮานอย VIP,467,67,64,บ้านกีฬา+Sanook
18 พ.ค. 2569,ฮานอยพิเศษ,221,21,83,บ้านกีฬา+Sanook
18 พ.ค. 2569,ฮานอยเฉพาะกิจ,843,43,71,บ้านกีฬา+Sanook+สยามรัฐ
19 พ.ค. 2569,ฮานอย,754,54,06,Minh Ngọc+Sanook+xoso.com.vn
19 พ.ค. 2569,ฮานอย VIP,161,61,84,บ้านกีฬา+Sanook
19 พ.ค. 2569,ฮานอยพิเศษ,898,98,53,บ้านกีฬา+Sanook
19 พ.ค. 2569,ฮานอยเฉพาะกิจ,642,42,19,บ้านกีฬา+Sanook+สยามรัฐ
20 พ.ค. 2569,ฮานอย,568,68,76,Minh Ngọc+Sanook+xoso.com.vn
20 พ.ค. 2569,ฮานอย VIP,053,53,65,บ้านกีฬา+Sanook
20 พ.ค. 2569,ฮานอยพิเศษ,292,92,97,บ้านกีฬา+Sanook+สยามรัฐ
20 พ.ค. 2569,ฮานอยเฉพาะกิจ,255,55,23,บ้านกีฬา+Sanook+สยามรัฐ
21 พ.ค. 2569,ฮานอย,685,85,60,Minh Ngọc+Sanook+xoso.com.vn
21 พ.ค. 2569,ฮานอย VIP,918,18,23,บ้านกีฬา+Sanook
21 พ.ค. 2569,ฮานอยพิเศษ,924,24,51,บ้านกีฬา+Sanook
21 พ.ค. 2569,ฮานอยเฉพาะกิจ,274,74,15,บ้านกีฬา+Sanook+สยามรัฐ
22 พ.ค. 2569,ฮานอย,939,39,97,Minh Ngọc+Sanook+xoso.com.vn
22 พ.ค. 2569,ฮานอย VIP,427,27,41,บ้านกีฬา+Sanook+สยามรัฐ
22 พ.ค. 2569,ฮานอยพิเศษ,933,33,39,บ้านกีฬา+Sanook+สยามรัฐ
22 พ.ค. 2569,ฮานอยเฉพาะกิจ,990,90,82,บ้านกีฬา+Sanook+สยามรัฐ
23 พ.ค. 2569,ฮานอย,021,21,05,Minh Ngọc+Sanook+xoso.com.vn
23 พ.ค. 2569,ฮานอย VIP,481,81,85,บ้านกีฬา+Sanook
23 พ.ค. 2569,ฮานอยพิเศษ,466,66,27,บ้านกีฬา+Sanook
23 พ.ค. 2569,ฮานอยเฉพาะกิจ,745,45,13,บ้านกีฬา+Sanook+สยามรัฐ
24 พ.ค. 2569,ฮานอย,104,04,70,Minh Ngọc+Sanook+xoso.com.vn
24 พ.ค. 2569,ฮานอย VIP,650,50,14,บ้านกีฬา+Sanook
24 พ.ค. 2569,ฮานอยพิเศษ,226,26,35,บ้านกีฬา+Sanook+สยามรัฐ
24 พ.ค. 2569,ฮานอยเฉพาะกิจ,656,56,30,บ้านกีฬา+Sanook+สยามรัฐ
25 พ.ค. 2569,ฮานอย,281,81,54,Minh Ngọc+Sanook+xoso.com.vn
25 พ.ค. 2569,ฮานอย VIP,353,53,30,บ้านกีฬา+Sanook+สยามรัฐ
25 พ.ค. 2569,ฮานอยพิเศษ,608,08,74,บ้านกีฬา+Sanook+สยามรัฐ
25 พ.ค. 2569,ฮานอยเฉพาะกิจ,821,21,97,บ้านกีฬา+Sanook+สยามรัฐ
26 พ.ค. 2569,ฮานอย,111,11,77,Minh Ngọc+Sanook+xoso.com.vn
26 พ.ค. 2569,ฮานอย VIP,185,85,62,บ้านกีฬา+Sanook
26 พ.ค. 2569,ฮานอยพิเศษ,200,00,81,บ้านกีฬา+Sanook
26 พ.ค. 2569,ฮานอยเฉพาะกิจ,496,96,73,บ้านกีฬา+Sanook+สยามรัฐ
27 พ.ค. 2569,ฮานอย,513,13,73,Minh Ngọc+Sanook+xoso.com.vn
27 พ.ค. 2569,ฮานอย VIP,632,32,51,บ้านกีฬา+Sanook+สยามรัฐ
27 พ.ค. 2569,ฮานอยพิเศษ,326,26,57,บ้านกีฬา+Sanook+สยามรัฐ
27 พ.ค. 2569,ฮานอยเฉพาะกิจ,023,23,59,บ้านกีฬา+Sanook+สยามรัฐ
28 พ.ค. 2569,ฮานอย,250,50,10,Minh Ngọc+Sanook+xoso.com.vn
28 พ.ค. 2569,ฮานอย VIP,116,16,62,บ้านกีฬา+Sanook+สยามรัฐ
28 พ.ค. 2569,ฮานอยพิเศษ,886,86,02,บ้านกีฬา+Sanook+สยามรัฐ
28 พ.ค. 2569,ฮานอยเฉพาะกิจ,448,48,16,บ้านกีฬา+Sanook+สยามรัฐ
29 พ.ค. 2569,ฮานอย,954,54,49,Minh Ngọc+Sanook+xoso.com.vn
29 พ.ค. 2569,ฮานอย VIP,030,30,63,บ้านกีฬา+Sanook
29 พ.ค. 2569,ฮานอยพิเศษ,064,64,67,บ้านกีฬา+Sanook
29 พ.ค. 2569,ฮานอยเฉพาะกิจ,089,89,22,บ้านกีฬา+Sanook+สยามรัฐ
30 พ.ค. 2569,ฮานอย,743,43,26,Minh Ngọc+Sanook+xoso.com.vn
30 พ.ค. 2569,ฮานอย VIP,731,31,02,บ้านกีฬา+Sanook
30 พ.ค. 2569,ฮานอยพิเศษ,255,55,89,บ้านกีฬา+Sanook
30 พ.ค. 2569,ฮานอยเฉพาะกิจ,973,73,68,บ้านกีฬา+Sanook+สยามรัฐ
31 พ.ค. 2569,ฮานอย,042,42,40,Minh Ngọc+Sanook+xoso.com.vn
31 พ.ค. 2569,ฮานอย VIP,638,38,64,บ้านกีฬา+Sanook
31 พ.ค. 2569,ฮานอยพิเศษ,320,20,49,บ้านกีฬา+Sanook
31 พ.ค. 2569,ฮานอยเฉพาะกิจ,197,97,24,บ้านกีฬา+Sanook
1 มิ.ย. 2569,ฮานอย,353,53,14,Minh Ngọc+Sanook+xoso.com.vn
1 มิ.ย. 2569,ฮานอย VIP,491,91,50,บ้านกีฬา+Sanook+สยามรัฐ
1 มิ.ย. 2569,ฮานอยพิเศษ,581,81,39,บ้านกีฬา+Sanook+สยามรัฐ
1 มิ.ย. 2569,ฮานอยเฉพาะกิจ,263,63,50,บ้านกีฬา+Sanook+สยามรัฐ
2 มิ.ย. 2569,ฮานอย,823,23,92,Minh Ngọc+Sanook+xoso.com.vn
2 มิ.ย. 2569,ฮานอย VIP,516,16,21,บ้านกีฬา+Sanook
2 มิ.ย. 2569,ฮานอยพิเศษ,364,64,33,บ้านกีฬา+Sanook
2 มิ.ย. 2569,ฮานอยเฉพาะกิจ,640,40,81,บ้านกีฬา+Sanook+สยามรัฐ
3 มิ.ย. 2569,ฮานอย,636,36,66,Minh Ngọc+Sanook+xoso.com.vn
3 มิ.ย. 2569,ฮานอย VIP,793,93,85,บ้านกีฬา+Sanook
3 มิ.ย. 2569,ฮานอยพิเศษ,091,91,08,บ้านกีฬา+Sanook+สยามรัฐ
3 มิ.ย. 2569,ฮานอยเฉพาะกิจ,075,75,02,บ้านกีฬา+Sanook+สยามรัฐ
4 มิ.ย. 2569,ฮานอย,583,83,72,Minh Ngọc+Sanook+xoso.com.vn
4 มิ.ย. 2569,ฮานอย VIP,518,18,97,บ้านกีฬา+Sanook
4 มิ.ย. 2569,ฮานอยพิเศษ,093,93,36,บ้านกีฬา+Sanook+สยามรัฐ
4 มิ.ย. 2569,ฮานอยเฉพาะกิจ,561,61,93,บ้านกีฬา+Sanook+สยามรัฐ
5 มิ.ย. 2569,ฮานอย,978,78,75,Minh Ngọc+Sanook+xoso.com.vn
5 มิ.ย. 2569,ฮานอย VIP,421,21,27,บ้านกีฬา+Sanook
5 มิ.ย. 2569,ฮานอยพิเศษ,880,80,18,บ้านกีฬา+Sanook+สยามรัฐ
5 มิ.ย. 2569,ฮานอยเฉพาะกิจ,429,29,76,บ้านกีฬา+Sanook+สยามรัฐ
6 มิ.ย. 2569,ฮานอย,465,65,80,Minh Ngọc+Sanook+xoso.com.vn
6 มิ.ย. 2569,ฮานอย VIP,393,93,61,บ้านกีฬา+Sanook
6 มิ.ย. 2569,ฮานอยพิเศษ,499,99,56,บ้านกีฬา+Sanook
6 มิ.ย. 2569,ฮานอยเฉพาะกิจ,201,01,84,บ้านกีฬา+Sanook+สยามรัฐ
7 มิ.ย. 2569,ฮานอย,393,93,37,Minh Ngọc+Sanook+xoso.com.vn
7 มิ.ย. 2569,ฮานอย VIP,355,55,18,บ้านกีฬา+Sanook
7 มิ.ย. 2569,ฮานอยพิเศษ,612,12,75,บ้านกีฬา+Sanook+สยามรัฐ
7 มิ.ย. 2569,ฮานอยเฉพาะกิจ,928,28,65,บ้านกีฬา+Sanook+สยามรัฐ
8 มิ.ย. 2569,ฮานอย,505,05,99,Minh Ngọc+Sanook+xoso.com.vn
8 มิ.ย. 2569,ฮานอย VIP,161,61,43,บ้านกีฬา+Sanook+สยามรัฐ
8 มิ.ย. 2569,ฮานอยพิเศษ,105,05,77,บ้านกีฬา+Sanook+สยามรัฐ
8 มิ.ย. 2569,ฮานอยเฉพาะกิจ,664,64,31,บ้านกีฬา+Sanook+สยามรัฐ
9 มิ.ย. 2569,ฮานอย,251,51,11,Minh Ngọc+Sanook+xoso.com.vn
9 มิ.ย. 2569,ฮานอย VIP,949,49,38,บ้านกีฬา+Sanook
9 มิ.ย. 2569,ฮานอยพิเศษ,397,97,20,บ้านกีฬา+Sanook
9 มิ.ย. 2569,ฮานอยเฉพาะกิจ,847,47,09,บ้านกีฬา+Sanook+สยามรัฐ
10 มิ.ย. 2569,ฮานอย,308,08,74,Minh Ngọc+Sanook+xoso.com.vn
10 มิ.ย. 2569,ฮานอย VIP,816,16,76,บ้านกีฬา+Sanook
10 มิ.ย. 2569,ฮานอยพิเศษ,362,62,17,บ้านกีฬา+Sanook+สยามรัฐ
10 มิ.ย. 2569,ฮานอยเฉพาะกิจ,319,19,03,บ้านกีฬา+Sanook+สยามรัฐ
11 มิ.ย. 2569,ฮานอย,983,83,17,Minh Ngọc+Sanook+xoso.com.vn
11 มิ.ย. 2569,ฮานอย VIP,558,58,71,บ้านกีฬา+Sanook
11 มิ.ย. 2569,ฮานอยพิเศษ,024,24,01,บ้านกีฬา+Sanook
11 มิ.ย. 2569,ฮานอยเฉพาะกิจ,872,72,44,บ้านกีฬา+Sanook+สยามรัฐ
12 มิ.ย. 2569,ฮานอย,889,89,05,Minh Ngọc+Sanook+xoso.com.vn
12 มิ.ย. 2569,ฮานอย VIP,494,94,90,บ้านกีฬา+Sanook+สยามรัฐ
12 มิ.ย. 2569,ฮานอยพิเศษ,561,61,13,บ้านกีฬา+Sanook+สยามรัฐ
12 มิ.ย. 2569,ฮานอยเฉพาะกิจ,452,52,36,บ้านกีฬา+Sanook+สยามรัฐ
13 มิ.ย. 2569,ฮานอย,014,14,88,Minh Ngọc+Sanook+xoso.com.vn
13 มิ.ย. 2569,ฮานอย VIP,297,97,69,บ้านกีฬา+Sanook+สยามรัฐ
13 มิ.ย. 2569,ฮานอยพิเศษ,793,93,28,บ้านกีฬา+Sanook+สยามรัฐ
13 มิ.ย. 2569,ฮานอยเฉพาะกิจ,706,06,14,บ้านกีฬา+Sanook+สยามรัฐ
14 มิ.ย. 2569,ฮานอย,000,00,71,Minh Ngọc+Sanook+xoso.com.vn
14 มิ.ย. 2569,ฮานอย VIP,264,64,75,บ้านกีฬา+Sanook
14 มิ.ย. 2569,ฮานอยพิเศษ,543,43,76,บ้านกีฬา+Sanook+สยามรัฐ
14 มิ.ย. 2569,ฮานอยเฉพาะกิจ,907,07,43,บ้านกีฬา+Sanook+สยามรัฐ
15 มิ.ย. 2569,ฮานอย,680,80,45,Minh Ngọc+Sanook+xoso.com.vn
15 มิ.ย. 2569,ฮานอย VIP,802,02,32,บ้านกีฬา+Sanook+สยามรัฐ
15 มิ.ย. 2569,ฮานอยพิเศษ,096,96,63,บ้านกีฬา+Sanook+สยามรัฐ
15 มิ.ย. 2569,ฮานอยเฉพาะกิจ,141,41,58,บ้านกีฬา+Sanook+สยามรัฐ
16 มิ.ย. 2569,ฮานอย,384,84,29,Minh Ngọc+Sanook+xoso.com.vn
16 มิ.ย. 2569,ฮานอย VIP,190,90,88,บ้านกีฬา+Sanook+สยามรัฐ
16 มิ.ย. 2569,ฮานอยพิเศษ,921,21,23,บ้านกีฬา+Sanook+สยามรัฐ
16 มิ.ย. 2569,ฮานอยเฉพาะกิจ,867,67,29,บ้านกีฬา+Sanook+สยามรัฐ
17 มิ.ย. 2569,ฮานอย,203,03,45,Minh Ngọc+Sanook+xoso.com.vn
17 มิ.ย. 2569,ฮานอย VIP,667,67,42,บ้านกีฬา+Sanook
17 มิ.ย. 2569,ฮานอยพิเศษ,057,57,50,บ้านกีฬา+Sanook+สยามรัฐ
17 มิ.ย. 2569,ฮานอยเฉพาะกิจ,935,35,18,บ้านกีฬา+Sanook+สยามรัฐ
18 มิ.ย. 2569,ฮานอย,032,32,75,Minh Ngọc+Sanook+xoso.com.vn
18 มิ.ย. 2569,ฮานอย VIP,940,40,28,บ้านกีฬา+Sanook
18 มิ.ย. 2569,ฮานอยพิเศษ,646,46,17,บ้านกีฬา+Sanook
18 มิ.ย. 2569,ฮานอยเฉพาะกิจ,126,26,75,บ้านกีฬา+Sanook+สยามรัฐ
19 มิ.ย. 2569,ฮานอย,155,55,45,Minh Ngọc+Sanook+xoso.com.vn
19 มิ.ย. 2569,ฮานอย VIP,808,08,98,บ้านกีฬา+Sanook
19 มิ.ย. 2569,ฮานอยพิเศษ,982,82,96,บ้านกีฬา+Sanook
19 มิ.ย. 2569,ฮานอยเฉพาะกิจ,520,20,42,บ้านกีฬา+Sanook+สยามรัฐ
20 มิ.ย. 2569,ฮานอย,860,60,59,Minh Ngọc+Sanook+xoso.com.vn
20 มิ.ย. 2569,ฮานอย VIP,,20,53,Sanook
20 มิ.ย. 2569,ฮานอยพิเศษ,959,59,36,บ้านกีฬา+Sanook+สยามรัฐ
20 มิ.ย. 2569,ฮานอยเฉพาะกิจ,688,88,91,บ้านกีฬา+Sanook+สยามรัฐ
21 มิ.ย. 2569,ฮานอย,083,83,33,Minh Ngọc+Sanook+xoso.com.vn
21 มิ.ย. 2569,ฮานอย VIP,602,02,97,บ้านกีฬา+Sanook+สยามรัฐ
21 มิ.ย. 2569,ฮานอยพิเศษ,427,27,80,บ้านกีฬา+Sanook
21 มิ.ย. 2569,ฮานอยเฉพาะกิจ,471,71,68,บ้านกีฬา+Sanook
22 มิ.ย. 2569,ฮานอย,136,36,50,Minh Ngọc+Sanook+xoso.com.vn
22 มิ.ย. 2569,ฮานอย VIP,076,76,43,บ้านกีฬา+Sanook+สยามรัฐ
22 มิ.ย. 2569,ฮานอยพิเศษ,563,63,95,บ้านกีฬา+Sanook+สยามรัฐ
22 มิ.ย. 2569,ฮานอยเฉพาะกิจ,804,04,97,บ้านกีฬา+Sanook+สยามรัฐ
23 มิ.ย. 2569,ฮานอย,437,37,03,Minh Ngọc+Sanook+xoso.com.vn
23 มิ.ย. 2569,ฮานอย VIP,642,42,92,บ้านกีฬา+Sanook+สยามรัฐ
23 มิ.ย. 2569,ฮานอยพิเศษ,231,31,98,บ้านกีฬา+Sanook+สยามรัฐ
23 มิ.ย. 2569,ฮานอยเฉพาะกิจ,756,56,69,บ้านกีฬา+Sanook+สยามรัฐ
24 มิ.ย. 2569,ฮานอย,751,51,59,Minh Ngọc+Sanook+xoso.com.vn
24 มิ.ย. 2569,ฮานอย VIP,098,98,20,บ้านกีฬา+Sanook+สยามรัฐ
24 มิ.ย. 2569,ฮานอยพิเศษ,766,66,96,บ้านกีฬา+Sanook+สยามรัฐ
24 มิ.ย. 2569,ฮานอยเฉพาะกิจ,034,34,25,บ้านกีฬา+Sanook+สยามรัฐ
25 มิ.ย. 2569,ฮานอย,816,16,28,Minh Ngọc+Sanook+xoso.com.vn
25 มิ.ย. 2569,ฮานอย VIP,931,31,24,บ้านกีฬา+Sanook+สยามรัฐ
25 มิ.ย. 2569,ฮานอยพิเศษ,561,61,64,บ้านกีฬา+Sanook+สยามรัฐ
25 มิ.ย. 2569,ฮานอยเฉพาะกิจ,581,81,87,บ้านกีฬา+Sanook+สยามรัฐ
26 มิ.ย. 2569,ฮานอย,804,04,32,Minh Ngọc+Sanook+xoso.com.vn
26 มิ.ย. 2569,ฮานอย VIP,090,90,25,บ้านกีฬา+Sanook+สยามรัฐ
26 มิ.ย. 2569,ฮานอยพิเศษ,113,13,81,บ้านกีฬา+Sanook+สยามรัฐ
26 มิ.ย. 2569,ฮานอยเฉพาะกิจ,463,63,12,บ้านกีฬา+Sanook+สยามรัฐ
27 มิ.ย. 2569,ฮานอย,253,53,88,Minh Ngọc+Sanook+xoso.com.vn
27 มิ.ย. 2569,ฮานอย VIP,040,40,55,บ้านกีฬา+Sanook
27 มิ.ย. 2569,ฮานอยพิเศษ,859,59,06,บ้านกีฬา+Sanook
27 มิ.ย. 2569,ฮานอยเฉพาะกิจ,911,11,85,บ้านกีฬา+Sanook
28 มิ.ย. 2569,ฮานอย,452,52,49,Minh Ngọc+Sanook+xoso.com.vn
28 มิ.ย. 2569,ฮานอย VIP,738,38,43,บ้านกีฬา+Sanook+สยามรัฐ
28 มิ.ย. 2569,ฮานอยพิเศษ,923,23,39,บ้านกีฬา+Sanook+สยามรัฐ
28 มิ.ย. 2569,ฮานอยเฉพาะกิจ,412,12,90,บ้านกีฬา+Sanook+สยามรัฐ
29 มิ.ย. 2569,ฮานอย,642,42,10,Minh Ngọc+Sanook+xoso.com.vn
29 มิ.ย. 2569,ฮานอย VIP,031,31,40,บ้านกีฬา+Sanook
29 มิ.ย. 2569,ฮานอยพิเศษ,727,27,70,บ้านกีฬา+Sanook
29 มิ.ย. 2569,ฮานอยเฉพาะกิจ,708,08,46,บ้านกีฬา+Sanook
30 มิ.ย. 2569,ฮานอย,468,68,51,Minh Ngọc+Sanook+xoso.com.vn
30 มิ.ย. 2569,ฮานอย VIP,579,79,75,Sanook
30 มิ.ย. 2569,ฮานอยพิเศษ,228,28,75,บ้านกีฬา+Sanook+สยามรัฐ
30 มิ.ย. 2569,ฮานอยเฉพาะกิจ,297,97,53,บ้านกีฬา+Sanook+สยามรัฐ
1 ก.ค. 2569,ฮานอย,854,54,54,Minh Ngọc+Sanook+xoso.com.vn
1 ก.ค. 2569,ฮานอย VIP,810,10,03,บ้านกีฬา+Sanook
1 ก.ค. 2569,ฮานอยพิเศษ,332,32,51,บ้านกีฬา+Sanook
1 ก.ค. 2569,ฮานอยเฉพาะกิจ,858,58,72,บ้านกีฬา+Sanook
2 ก.ค. 2569,ฮานอย,139,39,33,Minh Ngọc+Sanook+xoso.com.vn
2 ก.ค. 2569,ฮานอย VIP,761,61,52,บ้านกีฬา+Sanook+สยามรัฐ
2 ก.ค. 2569,ฮานอยพิเศษ,113,13,28,บ้านกีฬา+Sanook+สยามรัฐ
2 ก.ค. 2569,ฮานอยเฉพาะกิจ,439,39,06,บ้านกีฬา+Sanook+สยามรัฐ
3 ก.ค. 2569,ฮานอย,165,65,65,Minh Ngọc+Sanook+xoso.com.vn
3 ก.ค. 2569,ฮานอย VIP,386,86,58,บ้านกีฬา+Sanook+สยามรัฐ
3 ก.ค. 2569,ฮานอยพิเศษ,829,29,64,บ้านกีฬา+Sanook+สยามรัฐ
3 ก.ค. 2569,ฮานอยเฉพาะกิจ,115,15,74,บ้านกีฬา+Sanook+สยามรัฐ
4 ก.ค. 2569,ฮานอย,887,87,48,Minh Ngọc+Sanook+xoso.com.vn
4 ก.ค. 2569,ฮานอย VIP,356,56,06,บ้านกีฬา+Sanook+สยามรัฐ
4 ก.ค. 2569,ฮานอยพิเศษ,610,10,76,บ้านกีฬา+Sanook+สยามรัฐ
4 ก.ค. 2569,ฮานอยเฉพาะกิจ,794,94,18,Sanook+สยามรัฐ
5 ก.ค. 2569,ฮานอย,771,71,31,Minh Ngọc+Sanook+xoso.com.vn
5 ก.ค. 2569,ฮานอย VIP,628,28,35,บ้านกีฬา+Sanook+สยามรัฐ
5 ก.ค. 2569,ฮานอยพิเศษ,017,17,06,บ้านกีฬา+Sanook+สยามรัฐ
5 ก.ค. 2569,ฮานอยเฉพาะกิจ,630,30,59,บ้านกีฬา+Sanook+สยามรัฐ
6 ก.ค. 2569,ฮานอย,497,97,03,Minh Ngọc+Sanook+xoso.com.vn
6 ก.ค. 2569,ฮานอย VIP,815,15,07,บ้านกีฬา+Sanook+สยามรัฐ
6 ก.ค. 2569,ฮานอยพิเศษ,364,64,87,บ้านกีฬา+Sanook+สยามรัฐ
6 ก.ค. 2569,ฮานอยเฉพาะกิจ,223,23,40,บ้านกีฬา+Sanook+สยามรัฐ
7 ก.ค. 2569,ฮานอย,579,79,26,Minh Ngọc+Sanook+xoso.com.vn
7 ก.ค. 2569,ฮานอย VIP,064,64,09,บ้านกีฬา+Sanook
7 ก.ค. 2569,ฮานอยพิเศษ,961,61,40,บ้านกีฬา+Sanook+สยามรัฐ
7 ก.ค. 2569,ฮานอยเฉพาะกิจ,831,31,45,บ้านกีฬา+Sanook+สยามรัฐ
8 ก.ค. 2569,ฮานอย,089,89,99,Minh Ngọc+Sanook+xoso.com.vn
8 ก.ค. 2569,ฮานอย VIP,513,13,52,บ้านกีฬา+Sanook+สยามรัฐ
8 ก.ค. 2569,ฮานอยพิเศษ,553,53,27,บ้านกีฬา+Sanook+สยามรัฐ
8 ก.ค. 2569,ฮานอยเฉพาะกิจ,587,87,61,บ้านกีฬา+Sanook+สยามรัฐ
9 ก.ค. 2569,ฮานอย,185,85,49,Minh Ngọc+Sanook+xoso.com.vn
9 ก.ค. 2569,ฮานอย VIP,676,76,98,บ้านกีฬา+Sanook+สยามรัฐ
9 ก.ค. 2569,ฮานอยพิเศษ,781,81,71,บ้านกีฬา+Sanook+สยามรัฐ
9 ก.ค. 2569,ฮานอยเฉพาะกิจ,129,29,56,บ้านกีฬา+Sanook+สยามรัฐ
10 ก.ค. 2569,ฮานอย,767,67,60,Minh Ngọc+Sanook+xoso.com.vn
10 ก.ค. 2569,ฮานอย VIP,433,33,53,บ้านกีฬา+Sanook
10 ก.ค. 2569,ฮานอยพิเศษ,542,42,02,บ้านกีฬา+Sanook+สยามรัฐ
10 ก.ค. 2569,ฮานอยเฉพาะกิจ,709,09,24,บ้านกีฬา+Sanook+สยามรัฐ
11 ก.ค. 2569,ฮานอย,401,01,61,Minh Ngọc+Sanook+xoso.com.vn
11 ก.ค. 2569,ฮานอย VIP,646,46,12,บ้านกีฬา+Sanook+สยามรัฐ
11 ก.ค. 2569,ฮานอยพิเศษ,082,82,94,บ้านกีฬา+Sanook+สยามรัฐ
11 ก.ค. 2569,ฮานอยเฉพาะกิจ,061,61,05,บ้านกีฬา+Sanook
12 ก.ค. 2569,ฮานอย,494,94,06,Minh Ngọc+Sanook+xoso.com.vn
12 ก.ค. 2569,ฮานอย VIP,175,75,92,บ้านกีฬา+Sanook+สยามรัฐ
12 ก.ค. 2569,ฮานอยพิเศษ,045,45,90,บ้านกีฬา+Sanook+สยามรัฐ
12 ก.ค. 2569,ฮานอยเฉพาะกิจ,396,96,83,บ้านกีฬา+สยามรัฐ
13 ก.ค. 2569,ฮานอย,299,99,56,Minh Ngọc+Sanook+xoso.com.vn
13 ก.ค. 2569,ฮานอย VIP,041,41,74,บ้านกีฬา+Sanook+สยามรัฐ
13 ก.ค. 2569,ฮานอยพิเศษ,857,57,65,บ้านกีฬา+Sanook+สยามรัฐ
13 ก.ค. 2569,ฮานอยเฉพาะกิจ,162,62,97,บ้านกีฬา+Sanook+สยามรัฐ
14 ก.ค. 2569,ฮานอย,147,47,64,Minh Ngọc+Sanook+xoso.com.vn
14 ก.ค. 2569,ฮานอย VIP,592,92,86,บ้านกีฬา+Sanook+สยามรัฐ
14 ก.ค. 2569,ฮานอยพิเศษ,194,94,98,บ้านกีฬา+Sanook+สยามรัฐ
14 ก.ค. 2569,ฮานอยเฉพาะกิจ,540,40,39,บ้านกีฬา+Sanook+สยามรัฐ
15 ก.ค. 2569,ฮานอย,119,19,72,Minh Ngọc+Sanook+xoso.com.vn
15 ก.ค. 2569,ฮานอย VIP,057,57,11,บ้านกีฬา+Sanook
15 ก.ค. 2569,ฮานอยพิเศษ,608,08,62,บ้านกีฬา+Sanook+สยามรัฐ
15 ก.ค. 2569,ฮานอยเฉพาะกิจ,295,95,01,Sanook+สยามรัฐ
16 ก.ค. 2569,ฮานอย,763,63,46,Minh Ngọc+Sanook+xoso.com.vn
16 ก.ค. 2569,ฮานอย VIP,432,32,38,บ้านกีฬา+Sanook+สยามรัฐ
16 ก.ค. 2569,ฮานอยพิเศษ,035,35,86,บ้านกีฬา+Sanook+สยามรัฐ
16 ก.ค. 2569,ฮานอยเฉพาะกิจ,906,06,16,บ้านกีฬา+Sanook+สยามรัฐ
17 ก.ค. 2569,ฮานอย,739,39,27,Minh Ngọc+Sanook+xoso.com.vn
17 ก.ค. 2569,ฮานอย VIP,048,48,04,บ้านกีฬา+Sanook+สยามรัฐ
17 ก.ค. 2569,ฮานอยพิเศษ,725,25,20,บ้านกีฬา+Sanook+สยามรัฐ
17 ก.ค. 2569,ฮานอยเฉพาะกิจ,922,22,81,บ้านกีฬา+Sanook+สยามรัฐ
18 ก.ค. 2569,ฮานอย,890,90,50,Minh Ngọc+Sanook+xoso.com.vn
18 ก.ค. 2569,ฮานอย VIP,435,35,72,บ้านกีฬา+Sanook+สยามรัฐ
18 ก.ค. 2569,ฮานอยพิเศษ,650,50,08,บ้านกีฬา+Sanook+สยามรัฐ
18 ก.ค. 2569,ฮานอยเฉพาะกิจ,068,68,49,บ้านกีฬา+Sanook+สยามรัฐ
19 ก.ค. 2569,ฮานอย,438,38,68,Minh Ngọc+Sanook+xoso.com.vn
19 ก.ค. 2569,ฮานอย VIP,043,43,07,บ้านกีฬา+Sanook+สยามรัฐ
19 ก.ค. 2569,ฮานอยพิเศษ,055,55,75,บ้านกีฬา+Sanook+สยามรัฐ
19 ก.ค. 2569,ฮานอยเฉพาะกิจ,437,37,12,บ้านกีฬา+Sanook+สยามรัฐ
20 ก.ค. 2569,ฮานอย,128,28,50,Minh Ngọc+Sanook+xoso.com.vn
20 ก.ค. 2569,ฮานอย VIP,538,38,22,บ้านกีฬา+Sanook+สยามรัฐ
20 ก.ค. 2569,ฮานอยพิเศษ,886,86,09,บ้านกีฬา+Sanook+สยามรัฐ
20 ก.ค. 2569,ฮานอยเฉพาะกิจ,524,24,09,บ้านกีฬา+Sanook+สยามรัฐ
21 ก.ค. 2569,ฮานอย,070,70,07,Minh Ngọc+Sanook+xoso.com.vn
21 ก.ค. 2569,ฮานอย VIP,910,10,98,บ้านกีฬา+Sanook
21 ก.ค. 2569,ฮานอยพิเศษ,584,84,34,บ้านกีฬา+Sanook
21 ก.ค. 2569,ฮานอยเฉพาะกิจ,955,55,07,บ้านกีฬา+Sanook
22 ก.ค. 2569,ฮานอย,154,54,49,Minh Ngọc+Sanook+xoso.com.vn
22 ก.ค. 2569,ฮานอย VIP,531,31,68,บ้านกีฬา+Sanook+สยามรัฐ
22 ก.ค. 2569,ฮานอยพิเศษ,653,53,55,บ้านกีฬา+Sanook+สยามรัฐ
22 ก.ค. 2569,ฮานอยเฉพาะกิจ,613,13,57,บ้านกีฬา+Sanook+สยามรัฐ
23 ก.ค. 2569,ฮานอย,754,54,17,Minh Ngọc+Sanook+xoso.com.vn
23 ก.ค. 2569,ฮานอย VIP,949,49,91,บ้านกีฬา+Sanook+สยามรัฐ
23 ก.ค. 2569,ฮานอยพิเศษ,776,76,43,บ้านกีฬา+Sanook+สยามรัฐ
23 ก.ค. 2569,ฮานอยเฉพาะกิจ,198,98,82,บ้านกีฬา+Sanook+สยามรัฐ
24 ก.ค. 2569,ฮานอย,738,38,17,Minh Ngọc+Sanook+xoso.com.vn
24 ก.ค. 2569,ฮานอย VIP,201,01,13,บ้านกีฬา+Sanook+สยามรัฐ
24 ก.ค. 2569,ฮานอยพิเศษ,706,06,07,บ้านกีฬา+Sanook+สยามรัฐ
24 ก.ค. 2569,ฮานอยเฉพาะกิจ,874,74,36,บ้านกีฬา+Sanook+สยามรัฐ
25 ก.ค. 2569,ฮานอย,228,28,78,Minh Ngọc+Sanook+xoso.com.vn
25 ก.ค. 2569,ฮานอย VIP,665,65,19,บ้านกีฬา+Sanook+สยามรัฐ
25 ก.ค. 2569,ฮานอยพิเศษ,953,53,99,บ้านกีฬา+Sanook+สยามรัฐ
25 ก.ค. 2569,ฮานอยเฉพาะกิจ,150,50,68,บ้านกีฬา+Sanook+สยามรัฐ
26 ก.ค. 2569,ฮานอย,916,16,62,Minh Ngọc+Sanook+xoso.com.vn
26 ก.ค. 2569,ฮานอย VIP,802,02,38,บ้านกีฬา+Sanook+สยามรัฐ
26 ก.ค. 2569,ฮานอยพิเศษ,432,32,31,บ้านกีฬา+Sanook+สยามรัฐ
26 ก.ค. 2569,ฮานอยเฉพาะกิจ,057,57,23,บ้านกีฬา+Sanook+สยามรัฐ
27 ก.ค. 2569,ฮานอย,796,96,90,Minh Ngọc+Sanook+xoso.com.vn
27 ก.ค. 2569,ฮานอย VIP,511,11,25,บ้านกีฬา+Sanook
27 ก.ค. 2569,ฮานอยพิเศษ,035,35,70,บ้านกีฬา+Sanook
27 ก.ค. 2569,ฮานอยเฉพาะกิจ,384,84,42,บ้านกีฬา+Sanook
28 ก.ค. 2569,ฮานอย,000,00,77,Minh Ngọc+Sanook+xoso.com.vn
28 ก.ค. 2569,ฮานอย VIP,506,06,31,บ้านกีฬา+Sanook+สยามรัฐ
28 ก.ค. 2569,ฮานอยพิเศษ,176,76,66,บ้านกีฬา+Sanook+สยามรัฐ
28 ก.ค. 2569,ฮานอยเฉพาะกิจ,754,54,08,บ้านกีฬา+Sanook+สยามรัฐ
29 ก.ค. 2569,ฮานอย,983,83,68,Minh Ngọc+Sanook+xoso.com.vn
29 ก.ค. 2569,ฮานอย VIP,787,87,01,บ้านกีฬา+Sanook+สยามรัฐ
29 ก.ค. 2569,ฮานอยพิเศษ,272,72,20,บ้านกีฬา+Sanook+สยามรัฐ
29 ก.ค. 2569,ฮานอยเฉพาะกิจ,932,32,41,บ้านกีฬา+Sanook+สยามรัฐ
30 ก.ค. 2569,ฮานอย,834,34,97,Minh Ngọc+Sanook+xoso.com.vn
30 ก.ค. 2569,ฮานอย VIP,275,75,99,บ้านกีฬา+Sanook
30 ก.ค. 2569,ฮานอยพิเศษ,065,65,74,บ้านกีฬา+Sanook+สยามรัฐ
30 ก.ค. 2569,ฮานอยเฉพาะกิจ,810,10,67,บ้านกีฬา+Sanook+สยามรัฐ
31 ก.ค. 2569,ฮานอย,710,10,59,Minh Ngọc+Sanook+xoso.com.vn
31 ก.ค. 2569,ฮานอย VIP,105,05,80,บ้านกีฬา+Sanook+สยามรัฐ
31 ก.ค. 2569,ฮานอยพิเศษ,233,33,92,บ้านกีฬา+Sanook+สยามรัฐ
31 ก.ค. 2569,ฮานอยเฉพาะกิจ,418,18,96,บ้านกีฬา+Sanook+สยามรัฐ
1 ส.ค. 2569,ฮานอย,823,23,97,Minh Ngọc+Sanook+xoso.com.vn
1 ส.ค. 2569,ฮานอย VIP,636,36,29,บ้านกีฬา+Sanook+สยามรัฐ
1 ส.ค. 2569,ฮานอยพิเศษ,143,43,42,บ้านกีฬา+Sanook+สยามรัฐ
1 ส.ค. 2569,ฮานอยเฉพาะกิจ,077,77,15,บ้านกีฬา+Sanook+สยามรัฐ
2 ส.ค. 2569,ฮานอย,909,09,83,Minh Ngọc+Sanook+xoso.com.vn
2 ส.ค. 2569,ฮานอย VIP,431,31,43,บ้านกีฬา+Sanook
2 ส.ค. 2569,ฮานอยพิเศษ,803,03,19,บ้านกีฬา+Sanook+สยามรัฐ
2 ส.ค. 2569,ฮานอยเฉพาะกิจ,846,46,05,บ้านกีฬา+Sanook+สยามรัฐ
3 ส.ค. 2569,ฮานอย,247,47,41,Minh Ngọc+Sanook+xoso.com.vn
3 ส.ค. 2569,ฮานอย VIP,364,64,05,บ้านกีฬา+Sanook+สยามรัฐ
3 ส.ค. 2569,ฮานอยพิเศษ,371,71,41,บ้านกีฬา+Sanook+สยามรัฐ
3 ส.ค. 2569,ฮานอยเฉพาะกิจ,539,39,73,บ้านกีฬา+Sanook+สยามรัฐ
4 ส.ค. 2569,ฮานอย,125,25,62,Minh Ngọc+Sanook+xoso.com.vn
4 ส.ค. 2569,ฮานอย VIP,941,41,55,บ้านกีฬา+Sanook+สยามรัฐ
4 ส.ค. 2569,ฮานอยพิเศษ,981,81,66,บ้านกีฬา+Sanook+สยามรัฐ
4 ส.ค. 2569,ฮานอยเฉพาะกิจ,791,91,02,บ้านกีฬา+Sanook+สยามรัฐ
5 ส.ค. 2569,ฮานอย,760,60,56,Minh Ngọc+Sanook+xoso.com.vn
5 ส.ค. 2569,ฮานอย VIP,995,95,43,บ้านกีฬา+Sanook
5 ส.ค. 2569,ฮานอยพิเศษ,864,64,31,Sanook
5 ส.ค. 2569,ฮานอยเฉพาะกิจ,834,34,21,บ้านกีฬา+Sanook+สยามรัฐ
6 ส.ค. 2569,ฮานอย,167,67,60,Minh Ngọc+Sanook+xoso.com.vn
6 ส.ค. 2569,ฮานอย VIP,373,73,14,บ้านกีฬา+Sanook
6 ส.ค. 2569,ฮานอยพิเศษ,363,63,18,บ้านกีฬา+Sanook
6 ส.ค. 2569,ฮานอยเฉพาะกิจ,207,07,84,บ้านกีฬา+Sanook+สยามรัฐ
7 ส.ค. 2569,ฮานอย,479,79,89,Minh Ngọc+Sanook+xoso.com.vn
7 ส.ค. 2569,ฮานอย VIP,929,29,11,บ้านกีฬา+Sanook+สยามรัฐ
7 ส.ค. 2569,ฮานอยพิเศษ,023,23,04,บ้านกีฬา+Sanook+สยามรัฐ
7 ส.ค. 2569,ฮานอยเฉพาะกิจ,365,65,66,บ้านกีฬา+Sanook+สยามรัฐ
8 ส.ค. 2569,ฮานอย,922,22,27,Minh Ngọc+Sanook+xoso.com.vn
8 ส.ค. 2569,ฮานอย VIP,894,94,85,บ้านกีฬา+Sanook
8 ส.ค. 2569,ฮานอยพิเศษ,060,60,13,บ้านกีฬา+Sanook
8 ส.ค. 2569,ฮานอยเฉพาะกิจ,528,28,40,บ้านกีฬา+Sanook+สยามรัฐ
9 ส.ค. 2569,ฮานอย,221,21,04,Minh Ngọc+Sanook+xoso.com.vn
9 ส.ค. 2569,ฮานอย VIP,347,47,25,บ้านกีฬา+Sanook
9 ส.ค. 2569,ฮานอยพิเศษ,191,91,62,บ้านกีฬา+Sanook+สยามรัฐ
9 ส.ค. 2569,ฮานอยเฉพาะกิจ,950,50,43,บ้านกีฬา+Sanook+สยามรัฐ
10 ส.ค. 2569,ฮานอย,957,57,50,Minh Ngọc+Sanook+xoso.com.vn
10 ส.ค. 2569,ฮานอย VIP,185,85,91,บ้านกีฬา+Sanook
10 ส.ค. 2569,ฮานอยพิเศษ,092,92,64,บ้านกีฬา+Sanook+สยามรัฐ
10 ส.ค. 2569,ฮานอยเฉพาะกิจ,592,92,11,บ้านกีฬา+Sanook+สยามรัฐ
11 ส.ค. 2569,ฮานอย,191,91,20,Minh Ngọc+Sanook+xoso.com.vn
11 ส.ค. 2569,ฮานอย VIP,824,24,47,บ้านกีฬา+Sanook+สยามรัฐ
11 ส.ค. 2569,ฮานอยพิเศษ,187,87,24,บ้านกีฬา+Sanook+สยามรัฐ
11 ส.ค. 2569,ฮานอยเฉพาะกิจ,316,16,24,บ้านกีฬา+Sanook+สยามรัฐ
12 ส.ค. 2569,ฮานอย,326,26,73,Minh Ngọc+Sanook+xoso.com.vn
12 ส.ค. 2569,ฮานอย VIP,625,25,88,บ้านกีฬา+Sanook+สยามรัฐ
12 ส.ค. 2569,ฮานอยพิเศษ,786,86,98,บ้านกีฬา+Sanook+สยามรัฐ
12 ส.ค. 2569,ฮานอยเฉพาะกิจ,674,74,38,บ้านกีฬา+Sanook+สยามรัฐ
13 ส.ค. 2569,ฮานอย,344,44,44,Minh Ngọc+Sanook+xoso.com.vn
13 ส.ค. 2569,ฮานอย VIP,382,82,95,บ้านกีฬา+Sanook+สยามรัฐ
13 ส.ค. 2569,ฮานอยพิเศษ,051,51,29,บ้านกีฬา+Sanook+สยามรัฐ
13 ส.ค. 2569,ฮานอยเฉพาะกิจ,209,09,54,บ้านกีฬา+Sanook+สยามรัฐ
14 ส.ค. 2569,ฮานอย,018,18,80,Minh Ngọc+Sanook+xoso.com.vn
14 ส.ค. 2569,ฮานอย VIP,221,21,51,บ้านกีฬา+Sanook+สยามรัฐ
14 ส.ค. 2569,ฮานอยพิเศษ,013,13,22,บ้านกีฬา+Sanook+สยามรัฐ
14 ส.ค. 2569,ฮานอยเฉพาะกิจ,181,81,62,บ้านกีฬา+Sanook+สยามรัฐ
15 ส.ค. 2569,ฮานอย,278,78,28,Minh Ngọc+Sanook+xoso.com.vn
15 ส.ค. 2569,ฮานอย VIP,781,81,44,บ้านกีฬา+Sanook+สยามรัฐ
15 ส.ค. 2569,ฮานอยพิเศษ,405,05,29,บ้านกีฬา+Sanook+สยามรัฐ
15 ส.ค. 2569,ฮานอยเฉพาะกิจ,285,85,10,บ้านกีฬา+Sanook+สยามรัฐ
16 ส.ค. 2569,ฮานอย,696,96,29,Minh Ngọc+xoso.com.vn
16 ส.ค. 2569,ฮานอย VIP,062,62,02,บ้านกีฬา+Sanook
16 ส.ค. 2569,ฮานอยพิเศษ,470,70,38,บ้านกีฬา+Sanook
16 ส.ค. 2569,ฮานอยเฉพาะกิจ,805,05,72,Sanook
17 ส.ค. 2569,ฮานอย,939,39,00,Minh Ngọc+Sanook+xoso.com.vn
17 ส.ค. 2569,ฮานอย VIP,697,97,47,บ้านกีฬา+Sanook+สยามรัฐ
17 ส.ค. 2569,ฮานอยพิเศษ,272,72,30,บ้านกีฬา+Sanook+สยามรัฐ
17 ส.ค. 2569,ฮานอยเฉพาะกิจ,895,95,23,บ้านกีฬา+Sanook+สยามรัฐ
18 ส.ค. 2569,ฮานอย,183,83,49,Minh Ngọc+Sanook+xoso.com.vn
18 ส.ค. 2569,ฮานอย VIP,744,44,65,บ้านกีฬา+Sanook
18 ส.ค. 2569,ฮานอยพิเศษ,158,58,11,บ้านกีฬา+Sanook+สยามรัฐ
18 ส.ค. 2569,ฮานอยเฉพาะกิจ,240,40,36,บ้านกีฬา+Sanook+สยามรัฐ
19 ส.ค. 2569,ฮานอย,643,43,17,Minh Ngọc+Sanook+xoso.com.vn
19 ส.ค. 2569,ฮานอย VIP,862,62,87,บ้านกีฬา+Sanook
19 ส.ค. 2569,ฮานอยพิเศษ,663,63,13,บ้านกีฬา+Sanook
19 ส.ค. 2569,ฮานอยเฉพาะกิจ,533,33,29,บ้านกีฬา+Sanook+สยามรัฐ
20 ส.ค. 2569,ฮานอย,523,23,02,Minh Ngọc+Sanook+xoso.com.vn
20 ส.ค. 2569,ฮานอย VIP,434,34,56,บ้านกีฬา+Sanook
20 ส.ค. 2569,ฮานอยพิเศษ,577,77,37,บ้านกีฬา+Sanook
20 ส.ค. 2569,ฮานอยเฉพาะกิจ,627,27,80,บ้านกีฬา+Sanook+สยามรัฐ
21 ส.ค. 2569,ฮานอย,533,33,99,Minh Ngọc+xoso.com.vn
21 ส.ค. 2569,ฮานอย VIP,157,57,73,บ้านกีฬา+สยามรัฐ
21 ส.ค. 2569,ฮานอยพิเศษ,319,19,22,บ้านกีฬา+สยามรัฐ
21 ส.ค. 2569,ฮานอยเฉพาะกิจ,748,48,58,บ้านกีฬา+สยามรัฐ
22 ส.ค. 2569,ฮานอย,213,13,00,Minh Ngọc+xoso.com.vn
22 ส.ค. 2569,ฮานอย VIP,531,31,68,Sanook
22 ส.ค. 2569,ฮานอยพิเศษ,653,53,55,Sanook
22 ส.ค. 2569,ฮานอยเฉพาะกิจ,614,14,83,บ้านกีฬา+สยามรัฐ
23 ส.ค. 2569,ฮานอย,938,38,26,Minh Ngọc+Sanook+xoso.com.vn
23 ส.ค. 2569,ฮานอย VIP,141,41,73,บ้านกีฬา+Sanook+สยามรัฐ
23 ส.ค. 2569,ฮานอยพิเศษ,585,85,86,บ้านกีฬา+Sanook+สยามรัฐ
23 ส.ค. 2569,ฮานอยเฉพาะกิจ,083,83,49,บ้านกีฬา+Sanook+สยามรัฐ
24 ส.ค. 2569,ฮานอย,917,17,86,Minh Ngọc+Sanook+xoso.com.vn
24 ส.ค. 2569,ฮานอย VIP,455,55,80,บ้านกีฬา+Sanook+สยามรัฐ
24 ส.ค. 2569,ฮานอยพิเศษ,845,45,47,บ้านกีฬา+Sanook+สยามรัฐ
24 ส.ค. 2569,ฮานอยเฉพาะกิจ,869,69,03,บ้านกีฬา+Sanook+สยามรัฐ
25 ส.ค. 2569,ฮานอย,080,80,71,Minh Ngọc+Sanook+xoso.com.vn
25 ส.ค. 2569,ฮานอย VIP,868,68,44,บ้านกีฬา+Sanook
25 ส.ค. 2569,ฮานอยพิเศษ,311,11,29,บ้านกีฬา+Sanook
25 ส.ค. 2569,ฮานอยเฉพาะกิจ,431,31,79,บ้านกีฬา+Sanook+สยามรัฐ
26 ส.ค. 2569,ฮานอย,361,61,70,Minh Ngọc+Sanook+xoso.com.vn
26 ส.ค. 2569,ฮานอย VIP,815,15,20,บ้านกีฬา+Sanook
26 ส.ค. 2569,ฮานอยพิเศษ,527,27,45,บ้านกีฬา+Sanook
26 ส.ค. 2569,ฮานอยเฉพาะกิจ,663,63,70,บ้านกีฬา+Sanook+สยามรัฐ
27 ส.ค. 2569,ฮานอย,645,45,99,Minh Ngọc+Sanook+xoso.com.vn
27 ส.ค. 2569,ฮานอย VIP,093,93,80,บ้านกีฬา+Sanook
27 ส.ค. 2569,ฮานอยพิเศษ,334,34,44,บ้านกีฬา+Sanook
27 ส.ค. 2569,ฮานอยเฉพาะกิจ,878,78,62,บ้านกีฬา+Sanook+สยามรัฐ
28 ส.ค. 2569,ฮานอย,168,68,20,Minh Ngọc+Sanook+xoso.com.vn
28 ส.ค. 2569,ฮานอย VIP,736,36,60,บ้านกีฬา+Sanook+สยามรัฐ
28 ส.ค. 2569,ฮานอยพิเศษ,551,51,67,บ้านกีฬา+Sanook+สยามรัฐ
28 ส.ค. 2569,ฮานอยเฉพาะกิจ,106,06,53,บ้านกีฬา+Sanook+สยามรัฐ
29 ส.ค. 2569,ฮานอย,737,37,83,Minh Ngọc+Sanook+xoso.com.vn
29 ส.ค. 2569,ฮานอย VIP,082,82,21,บ้านกีฬา+Sanook
29 ส.ค. 2569,ฮานอยพิเศษ,354,54,36,บ้านกีฬา+Sanook
29 ส.ค. 2569,ฮานอยเฉพาะกิจ,421,21,87,บ้านกีฬา+Sanook+สยามรัฐ
30 ส.ค. 2569,ฮานอย,772,72,85,Minh Ngọc+Sanook+xoso.com.vn
30 ส.ค. 2569,ฮานอย VIP,959,59,67,บ้านกีฬา+Sanook
30 ส.ค. 2569,ฮานอยพิเศษ,151,51,27,บ้านกีฬา+Sanook+สยามรัฐ
30 ส.ค. 2569,ฮานอยเฉพาะกิจ,054,54,36,บ้านกีฬา+Sanook+สยามรัฐ
31 ส.ค. 2569,ฮานอย,644,44,80,Minh Ngọc+Sanook+xoso.com.vn
31 ส.ค. 2569,ฮานอย VIP,738,38,41,บ้านกีฬา+Sanook
31 ส.ค. 2569,ฮานอยพิเศษ,319,19,12,บ้านกีฬา+Sanook
31 ส.ค. 2569,ฮานอยเฉพาะกิจ,809,09,68,Sanook
1 ก.ย. 2569,ฮานอย,521,21,64,Minh Ngọc+Sanook+xoso.com.vn
1 ก.ย. 2569,ฮานอย VIP,663,63,18,บ้านกีฬา+Sanook+สยามรัฐ
1 ก.ย. 2569,ฮานอยพิเศษ,989,89,37,บ้านกีฬา+Sanook+สยามรัฐ
1 ก.ย. 2569,ฮานอยเฉพาะกิจ,931,31,74,บ้านกีฬา+Sanook+สยามรัฐ
2 ก.ย. 2569,ฮานอย,542,42,43,Minh Ngọc+Sanook+xoso.com.vn
2 ก.ย. 2569,ฮานอย VIP,891,91,82,บ้านกีฬา+Sanook
2 ก.ย. 2569,ฮานอยพิเศษ,761,61,87,บ้านกีฬา+Sanook
2 ก.ย. 2569,ฮานอยเฉพาะกิจ,848,48,14,บ้านกีฬา+Sanook+สยามรัฐ
3 ก.ย. 2569,ฮานอย,511,11,56,Minh Ngọc+Sanook+xoso.com.vn
3 ก.ย. 2569,ฮานอย VIP,144,44,51,บ้านกีฬา+Sanook+สยามรัฐ
3 ก.ย. 2569,ฮานอยพิเศษ,602,02,08,บ้านกีฬา+Sanook+สยามรัฐ
3 ก.ย. 2569,ฮานอยเฉพาะกิจ,608,08,29,บ้านกีฬา+Sanook+สยามรัฐ
4 ก.ย. 2569,ฮานอย,066,66,52,Minh Ngọc+Sanook+xoso.com.vn
4 ก.ย. 2569,ฮานอย VIP,309,09,89,บ้านกีฬา+Sanook+สยามรัฐ
4 ก.ย. 2569,ฮานอยพิเศษ,903,03,94,บ้านกีฬา+Sanook+สยามรัฐ
4 ก.ย. 2569,ฮานอยเฉพาะกิจ,156,56,33,บ้านกีฬา+Sanook+สยามรัฐ
5 ก.ย. 2569,ฮานอย,037,37,04,Minh Ngọc+Sanook+xoso.com.vn
5 ก.ย. 2569,ฮานอย VIP,024,24,94,บ้านกีฬา+Sanook+สยามรัฐ
5 ก.ย. 2569,ฮานอยพิเศษ,376,76,65,บ้านกีฬา+Sanook+สยามรัฐ
5 ก.ย. 2569,ฮานอยเฉพาะกิจ,014,14,17,บ้านกีฬา+Sanook+สยามรัฐ
6 ก.ย. 2569,ฮานอย,435,35,76,Minh Ngọc+Sanook+xoso.com.vn
6 ก.ย. 2569,ฮานอย VIP,907,07,64,บ้านกีฬา+Sanook
6 ก.ย. 2569,ฮานอยพิเศษ,805,05,54,บ้านกีฬา+Sanook+สยามรัฐ
6 ก.ย. 2569,ฮานอยเฉพาะกิจ,297,97,45,บ้านกีฬา+Sanook+สยามรัฐ
7 ก.ย. 2569,ฮานอย,990,90,49,Minh Ngọc+Sanook+xoso.com.vn
7 ก.ย. 2569,ฮานอย VIP,745,45,67,บ้านกีฬา+Sanook+สยามรัฐ
7 ก.ย. 2569,ฮานอยพิเศษ,403,03,07,บ้านกีฬา+Sanook+สยามรัฐ
7 ก.ย. 2569,ฮานอยเฉพาะกิจ,246,46,91,บ้านกีฬา+Sanook+สยามรัฐ
8 ก.ย. 2569,ฮานอย,687,87,87,Minh Ngọc+Sanook+xoso.com.vn
8 ก.ย. 2569,ฮานอย VIP,073,73,30,บ้านกีฬา+Sanook+สยามรัฐ
8 ก.ย. 2569,ฮานอยพิเศษ,492,92,82,บ้านกีฬา+Sanook+สยามรัฐ
8 ก.ย. 2569,ฮานอยเฉพาะกิจ,775,75,10,บ้านกีฬา+Sanook+สยามรัฐ
9 ก.ย. 2569,ฮานอย,504,04,65,Minh Ngọc+Sanook+xoso.com.vn
9 ก.ย. 2569,ฮานอย VIP,176,76,52,บ้านกีฬา+Sanook+สยามรัฐ
9 ก.ย. 2569,ฮานอยพิเศษ,507,07,85,บ้านกีฬา+Sanook+สยามรัฐ
9 ก.ย. 2569,ฮานอยเฉพาะกิจ,342,42,89,บ้านกีฬา+Sanook+สยามรัฐ
10 ก.ย. 2569,ฮานอย,981,81,95,Minh Ngọc+Sanook+xoso.com.vn
10 ก.ย. 2569,ฮานอย VIP,691,91,80,บ้านกีฬา+Sanook+สยามรัฐ
10 ก.ย. 2569,ฮานอยพิเศษ,461,61,73,บ้านกีฬา+Sanook+สยามรัฐ
10 ก.ย. 2569,ฮานอยเฉพาะกิจ,551,51,86,บ้านกีฬา+Sanook+สยามรัฐ
11 ก.ย. 2569,ฮานอย,352,52,83,Minh Ngọc+Sanook+xoso.com.vn
11 ก.ย. 2569,ฮานอย VIP,257,57,95,บ้านกีฬา+Sanook
11 ก.ย. 2569,ฮานอยพิเศษ,491,91,33,บ้านกีฬา+Sanook
11 ก.ย. 2569,ฮานอยเฉพาะกิจ,623,23,60,บ้านกีฬา+Sanook+สยามรัฐ
12 ก.ย. 2569,ฮานอย,851,51,35,Minh Ngọc+Sanook+xoso.com.vn
12 ก.ย. 2569,ฮานอย VIP,930,30,39,บ้านกีฬา+สยามรัฐ
12 ก.ย. 2569,ฮานอยพิเศษ,963,63,98,บ้านกีฬา+Sanook+สยามรัฐ
12 ก.ย. 2569,ฮานอยเฉพาะกิจ,569,69,18,บ้านกีฬา+Sanook+สยามรัฐ
13 ก.ย. 2569,ฮานอย,799,99,29,Minh Ngọc+Sanook+xoso.com.vn
13 ก.ย. 2569,ฮานอย VIP,455,55,20,บ้านกีฬา+Sanook+สยามรัฐ
13 ก.ย. 2569,ฮานอยพิเศษ,505,05,96,บ้านกีฬา+Sanook+สยามรัฐ
13 ก.ย. 2569,ฮานอยเฉพาะกิจ,710,10,24,บ้านกีฬา+Sanook+สยามรัฐ
14 ก.ย. 2569,ฮานอย,522,22,92,Minh Ngọc+Sanook+xoso.com.vn
14 ก.ย. 2569,ฮานอย VIP,439,39,63,บ้านกีฬา+Sanook+สยามรัฐ
14 ก.ย. 2569,ฮานอยพิเศษ,581,81,34,บ้านกีฬา+Sanook+สยามรัฐ
14 ก.ย. 2569,ฮานอยเฉพาะกิจ,068,68,78,บ้านกีฬา+Sanook+สยามรัฐ
15 ก.ย. 2569,ฮานอย,429,29,41,Minh Ngọc+Sanook+xoso.com.vn
15 ก.ย. 2569,ฮานอย VIP,272,72,33,บ้านกีฬา+Sanook+สยามรัฐ
15 ก.ย. 2569,ฮานอยพิเศษ,996,96,17,บ้านกีฬา+Sanook+สยามรัฐ
15 ก.ย. 2569,ฮานอยเฉพาะกิจ,872,72,16,บ้านกีฬา+Sanook+สยามรัฐ
16 ก.ย. 2569,ฮานอย,344,44,72,Minh Ngọc+Sanook+xoso.com.vn
16 ก.ย. 2569,ฮานอย VIP,853,53,52,บ้านกีฬา+Sanook
16 ก.ย. 2569,ฮานอยพิเศษ,313,13,67,บ้านกีฬา+Sanook+สยามรัฐ
16 ก.ย. 2569,ฮานอยเฉพาะกิจ,158,58,07,บ้านกีฬา+Sanook+สยามรัฐ
17 ก.ย. 2569,ฮานอย,960,60,51,Minh Ngọc+Sanook+xoso.com.vn
17 ก.ย. 2569,ฮานอย VIP,889,89,95,บ้านกีฬา+สยามรัฐ
17 ก.ย. 2569,ฮานอยพิเศษ,260,60,84,บ้านกีฬา+Sanook+สยามรัฐ
17 ก.ย. 2569,ฮานอยเฉพาะกิจ,082,82,31,บ้านกีฬา+Sanook+สยามรัฐ
18 ก.ย. 2569,ฮานอย,367,67,32,Minh Ngọc+Sanook+xoso.com.vn
18 ก.ย. 2569,ฮานอย VIP,226,26,30,บ้านกีฬา+Sanook
18 ก.ย. 2569,ฮานอยพิเศษ,545,45,13,บ้านกีฬา+Sanook+สยามรัฐ
18 ก.ย. 2569,ฮานอยเฉพาะกิจ,237,37,59,บ้านกีฬา+Sanook+สยามรัฐ
19 ก.ย. 2569,ฮานอย,412,12,14,Minh Ngọc+Sanook+xoso.com.vn
19 ก.ย. 2569,ฮานอย VIP,190,90,70,บ้านกีฬา+Sanook
19 ก.ย. 2569,ฮานอยพิเศษ,565,65,67,บ้านกีฬา+Sanook+สยามรัฐ
19 ก.ย. 2569,ฮานอยเฉพาะกิจ,747,47,39,บ้านกีฬา+Sanook+สยามรัฐ
20 ก.ย. 2569,ฮานอย,538,38,48,Minh Ngọc+Sanook+xoso.com.vn
20 ก.ย. 2569,ฮานอย VIP,103,03,55,บ้านกีฬา+สยามรัฐ
20 ก.ย. 2569,ฮานอยพิเศษ,349,49,85,บ้านกีฬา+Sanook
20 ก.ย. 2569,ฮานอยเฉพาะกิจ,450,50,61,บ้านกีฬา+Sanook+สยามรัฐ
21 ก.ย. 2569,ฮานอย,432,32,99,Minh Ngọc+xoso.com.vn
21 ก.ย. 2569,ฮานอย VIP,917,17,23,บ้านกีฬา+Sanook+สยามรัฐ
21 ก.ย. 2569,ฮานอยพิเศษ,740,40,97,บ้านกีฬา+Sanook+สยามรัฐ
21 ก.ย. 2569,ฮานอยเฉพาะกิจ,766,66,90,บ้านกีฬา+Sanook+สยามรัฐ
22 ก.ย. 2569,ฮานอย,922,22,92,Minh Ngọc+Sanook+xoso.com.vn
22 ก.ย. 2569,ฮานอย VIP,078,78,10,บ้านกีฬา+Sanook+สยามรัฐ
22 ก.ย. 2569,ฮานอยพิเศษ,351,51,02,บ้านกีฬา+Sanook+สยามรัฐ
22 ก.ย. 2569,ฮานอยเฉพาะกิจ,953,53,48,บ้านกีฬา+Sanook+สยามรัฐ
23 ก.ย. 2569,ฮานอย,406,06,50,Minh Ngọc+Sanook+xoso.com.vn
23 ก.ย. 2569,ฮานอย VIP,986,86,36,บ้านกีฬา+Sanook+สยามรัฐ
23 ก.ย. 2569,ฮานอยพิเศษ,083,83,95,บ้านกีฬา+Sanook+สยามรัฐ
23 ก.ย. 2569,ฮานอยเฉพาะกิจ,218,18,73,บ้านกีฬา+Sanook+สยามรัฐ
24 ก.ย. 2569,ฮานอย,196,96,82,Minh Ngọc+Sanook+xoso.com.vn
24 ก.ย. 2569,ฮานอย VIP,847,47,28,บ้านกีฬา+Sanook+สยามรัฐ
24 ก.ย. 2569,ฮานอยพิเศษ,420,20,24,บ้านกีฬา+Sanook+สยามรัฐ
24 ก.ย. 2569,ฮานอยเฉพาะกิจ,076,76,30,บ้านกีฬา+Sanook+สยามรัฐ
25 ก.ย. 2569,ฮานอย,465,65,30,Minh Ngọc+Sanook+xoso.com.vn
25 ก.ย. 2569,ฮานอย VIP,712,12,98,บ้านกีฬา+Sanook
25 ก.ย. 2569,ฮานอยพิเศษ,785,85,06,บ้านกีฬา+Sanook
25 ก.ย. 2569,ฮานอยเฉพาะกิจ,534,34,02,บ้านกีฬา+Sanook+สยามรัฐ
26 ก.ย. 2569,ฮานอย,132,32,93,Minh Ngọc+Sanook+xoso.com.vn
26 ก.ย. 2569,ฮานอย VIP,910,10,18,บ้านกีฬา+Sanook
26 ก.ย. 2569,ฮานอยพิเศษ,584,84,04,บ้านกีฬา+Sanook+สยามรัฐ
26 ก.ย. 2569,ฮานอยเฉพาะกิจ,640,40,21,บ้านกีฬา+Sanook+สยามรัฐ
27 ก.ย. 2569,ฮานอย,473,73,70,Minh Ngọc+Sanook+xoso.com.vn
27 ก.ย. 2569,ฮานอย VIP,162,62,44,บ้านกีฬา+Sanook+สยามรัฐ
27 ก.ย. 2569,ฮานอยพิเศษ,782,82,88,บ้านกีฬา+Sanook+สยามรัฐ
27 ก.ย. 2569,ฮานอยเฉพาะกิจ,336,36,75,บ้านกีฬา+Sanook+สยามรัฐ
28 ก.ย. 2569,ฮานอย,115,15,08,Minh Ngọc+Sanook+xoso.com.vn
28 ก.ย. 2569,ฮานอย VIP,585,85,10,บ้านกีฬา+Sanook+สยามรัฐ
28 ก.ย. 2569,ฮานอยพิเศษ,758,58,44,บ้านกีฬา+Sanook+สยามรัฐ
28 ก.ย. 2569,ฮานอยเฉพาะกิจ,944,44,15,บ้านกีฬา+Sanook+สยามรัฐ
29 ก.ย. 2569,ฮานอย,651,51,89,Minh Ngọc+Sanook+xoso.com.vn
29 ก.ย. 2569,ฮานอย VIP,403,03,93,บ้านกีฬา+Sanook+สยามรัฐ
29 ก.ย. 2569,ฮานอยพิเศษ,108,08,37,บ้านกีฬา+Sanook+สยามรัฐ
29 ก.ย. 2569,ฮานอยเฉพาะกิจ,419,19,67,บ้านกีฬา+Sanook+สยามรัฐ
30 ก.ย. 2569,ฮานอย,242,42,85,Minh Ngọc+Sanook+xoso.com.vn
30 ก.ย. 2569,ฮานอย VIP,921,21,02,บ้านกีฬา+Sanook+สยามรัฐ
30 ก.ย. 2569,ฮานอยพิเศษ,943,43,17,บ้านกีฬา+Sanook+สยามรัฐ
30 ก.ย. 2569,ฮานอยเฉพาะกิจ,417,17,52,บ้านกีฬา+Sanook+สยามรัฐ
1 ต.ค. 2569,ฮานอย,208,08,35,Minh Ngọc+Sanook+xoso.com.vn
1 ต.ค. 2569,ฮานอย VIP,624,24,97,บ้านกีฬา+Sanook+สยามรัฐ
1 ต.ค. 2569,ฮานอยพิเศษ,849,49,15,บ้านกีฬา+Sanook+สยามรัฐ
1 ต.ค. 2569,ฮานอยเฉพาะกิจ,038,38,94,บ้านกีฬา+Sanook+สยามรัฐ
2 ต.ค. 2569,ฮานอย,483,83,99,Minh Ngọc+Sanook+xoso.com.vn
2 ต.ค. 2569,ฮานอย VIP,018,18,47,บ้านกีฬา+Sanook+สยามรัฐ
2 ต.ค. 2569,ฮานอยพิเศษ,030,30,13,บ้านกีฬา+Sanook+สยามรัฐ
2 ต.ค. 2569,ฮานอยเฉพาะกิจ,706,06,56,บ้านกีฬา+Sanook+สยามรัฐ
3 ต.ค. 2569,ฮานอย,961,61,14,Minh Ngọc+Sanook+xoso.com.vn
3 ต.ค. 2569,ฮานอย VIP,167,67,45,บ้านกีฬา+Sanook
3 ต.ค. 2569,ฮานอยพิเศษ,948,48,59,บ้านกีฬา+Sanook+สยามรัฐ
3 ต.ค. 2569,ฮานอยเฉพาะกิจ,186,86,27,บ้านกีฬา+Sanook+สยามรัฐ
4 ต.ค. 2569,ฮานอย,951,51,35,Minh Ngọc+Sanook+xoso.com.vn
4 ต.ค. 2569,ฮานอย VIP,748,48,35,บ้านกีฬา+Sanook+สยามรัฐ
4 ต.ค. 2569,ฮานอยพิเศษ,792,92,44,บ้านกีฬา+Sanook+สยามรัฐ
4 ต.ค. 2569,ฮานอยเฉพาะกิจ,225,25,96,บ้านกีฬา+Sanook+สยามรัฐ
5 ต.ค. 2569,ฮานอย,654,54,19,Minh Ngọc+Sanook+xoso.com.vn
5 ต.ค. 2569,ฮานอย VIP,087,87,14,บ้านกีฬา+Sanook+สยามรัฐ
5 ต.ค. 2569,ฮานอยพิเศษ,751,51,12,บ้านกีฬา+Sanook+สยามรัฐ
5 ต.ค. 2569,ฮานอยเฉพาะกิจ,089,89,18,บ้านกีฬา+Sanook+สยามรัฐ
6 ต.ค. 2569,ฮานอย,554,54,33,Minh Ngọc+Sanook+xoso.com.vn
6 ต.ค. 2569,ฮานอย VIP,172,72,95,บ้านกีฬา+Sanook+สยามรัฐ
6 ต.ค. 2569,ฮานอยพิเศษ,283,83,09,บ้านกีฬา+Sanook+สยามรัฐ
6 ต.ค. 2569,ฮานอยเฉพาะกิจ,416,16,53,บ้านกีฬา+Sanook+สยามรัฐ
7 ต.ค. 2569,ฮานอย,488,88,38,Minh Ngọc+xoso.com.vn
7 ต.ค. 2569,ฮานอย VIP,738,38,04,บ้านกีฬา+Sanook+สยามรัฐ
7 ต.ค. 2569,ฮานอยพิเศษ,499,99,90,บ้านกีฬา+Sanook+สยามรัฐ
7 ต.ค. 2569,ฮานอยเฉพาะกิจ,730,30,82,บ้านกีฬา+Sanook+สยามรัฐ
8 ต.ค. 2569,ฮานอย,339,39,43,Minh Ngọc+xoso.com.vn
8 ต.ค. 2569,ฮานอย VIP,461,61,96,บ้านกีฬา+Sanook
8 ต.ค. 2569,ฮานอยพิเศษ,576,76,40,บ้านกีฬา+Sanook+สยามรัฐ
8 ต.ค. 2569,ฮานอยเฉพาะกิจ,829,29,44,บ้านกีฬา+Sanook+สยามรัฐ
9 ต.ค. 2569,ฮานอย,635,35,82,Minh Ngọc+xoso.com.vn
9 ต.ค. 2569,ฮานอย VIP,768,68,18,บ้านกีฬา+Sanook+สยามรัฐ
9 ต.ค. 2569,ฮานอยพิเศษ,007,07,81,บ้านกีฬา+Sanook+สยามรัฐ
9 ต.ค. 2569,ฮานอยเฉพาะกิจ,584,84,26,บ้านกีฬา+Sanook+สยามรัฐ
