วันที่,เลขท้าย 4 ตัว,2 ตัวบน,2 ตัวล่าง,แหล่งที่ยืนยัน
3 ม.ค. 2568,2256,56,22,Sanook
6 ม.ค. 2568,4609,09,46,Sanook
8 ม.ค. 2568,7449,49,74,Sanook
10 ม.ค. 2568,1393,93,13,Sanook
13 ม.ค. 2568,8733,33,87,Sanook
15 ม.ค. 2568,5381,81,53,Sanook
17 ม.ค. 2568,2944,44,29,Sanook
20 ม.ค. 2568,0086,86,00,Sanook
22 ม.ค. 2568,4361,61,43,Sanook
24 ม.ค. 2568,3205,05,32,Sanook
27 ม.ค. 2568,8524,24,85,Sanook
29 ม.ค. 2568,7970,70,79,Sanook
31 ม.ค. 2568,4277,77,42,Sanook
3 ก.พ. 2568,2897,97,28,Sanook
5 ก.พ. 2568,1810,10,18,Sanook
7 ก.พ. 2568,0055,55,00,Sanook
10 ก.พ. 2568,8774,74,87,Sanook
12 ก.พ. 2568,6045,45,60,Sanook
14 ก.พ. 2568,4647,47,46,Sanook
17 ก.พ. 2568,4176,76,41,Sanook
19 ก.พ. 2568,9681,81,96,Sanook
21 ก.พ. 2568,6705,05,67,Sanook
24 ก.พ. 2568,4528,28,45,Sanook
26 ก.พ. 2568,8994,94,89,Sanook
28 ก.พ. 2568,2439,39,24,Sanook
3 มี.ค. 2568,0411,11,04,Sanook
5 มี.ค. 2568,2160,60,21,Sanook
7 มี.ค. 2568,5215,15,52,Sanook
12 มี.ค. 2568,9842,42,98,Sanook
14 มี.ค. 2568,1177,77,11,Sanook
17 มี.ค. 2568,5480,80,54,Sanook
19 มี.ค. 2568,3164,64,31,Sanook
21 มี.ค. 2568,7289,89,72,Sanook
24 มี.ค. 2568,8459,59,84,Sanook
26 มี.ค. 2568,1626,26,16,Sanook
28 มี.ค. 2568,6845,45,68,Sanook
31 มี.ค. 2568,6647,47,66,Sanook
2 เม.ย. 2568,0609,09,06,Sanook
4 เม.ย. 2568,4445,45,44,Sanook
7 เม.ย. 2568,8159,59,81,Sanook
9 เม.ย. 2568,5795,95,57,Sanook
11 เม.ย. 2568,2011,11,20,Sanook
18 เม.ย. 2568,5116,16,51,Sanook
21 เม.ย. 2568,2499,99,24,Sanook
23 เม.ย. 2568,8112,12,81,Sanook
25 เม.ย. 2568,5741,41,57,Sanook
28 เม.ย. 2568,0702,02,07,Sanook
30 เม.ย. 2568,9591,91,95,Sanook
2 พ.ค. 2568,4409,09,44,Sanook
5 พ.ค. 2568,6279,79,62,Sanook
7 พ.ค. 2568,0827,27,08,Sanook
9 พ.ค. 2568,8518,18,85,Sanook
12 พ.ค. 2568,2532,32,25,Sanook
14 พ.ค. 2568,7985,85,79,Sanook
16 พ.ค. 2568,3794,94,37,Sanook
19 พ.ค. 2568,4091,91,40,Sanook
21 พ.ค. 2568,8789,89,87,Sanook
23 พ.ค. 2568,2597,97,25,Sanook
26 พ.ค. 2568,2146,46,21,Sanook
28 พ.ค. 2568,6374,74,63,Sanook
30 พ.ค. 2568,5284,84,52,Sanook
2 มิ.ย. 2568,3119,19,31,Sanook
4 มิ.ย. 2568,9626,26,96,Sanook
6 มิ.ย. 2568,6446,46,64,Sanook
9 มิ.ย. 2568,1737,37,17,Sanook
11 มิ.ย. 2568,2033,33,20,Sanook
13 มิ.ย. 2568,1630,30,16,Sanook
16 มิ.ย. 2568,7743,43,77,Sanook
18 มิ.ย. 2568,4822,22,48,Sanook
20 มิ.ย. 2568,1056,56,10,Sanook
23 มิ.ย. 2568,1126,26,11,Sanook
25 มิ.ย. 2568,3228,28,32,Sanook
27 มิ.ย. 2568,4787,87,47,Sanook
30 มิ.ย. 2568,5673,73,56,Sanook
2 ก.ค. 2568,2206,06,22,Sanook
4 ก.ค. 2568,7957,57,79,Sanook
7 ก.ค. 2568,2066,66,20,Sanook
9 ก.ค. 2568,6234,34,62,Sanook
11 ก.ค. 2568,6988,88,69,Sanook
14 ก.ค. 2568,9130,30,91,Sanook
16 ก.ค. 2568,1037,37,10,Sanook
18 ก.ค. 2568,4269,69,42,Sanook
21 ก.ค. 2568,1942,42,19,Sanook
23 ก.ค. 2568,0440,40,04,Sanook
25 ก.ค. 2568,6849,49,68,Sanook
28 ก.ค. 2568,2528,28,25,Sanook
30 ก.ค. 2568,2872,72,28,Sanook
1 ส.ค. 2568,7617,17,76,Sanook
4 ส.ค. 2568,8242,42,82,Sanook
6 ส.ค. 2568,9473,73,94,Sanook
8 ส.ค. 2568,9503,03,95,Sanook
11 ส.ค. 2568,6683,83,66,Sanook
13 ส.ค. 2568,1934,34,19,Sanook
15 ส.ค. 2568,4662,62,46,Sanook
18 ส.ค. 2568,9795,95,97,Sanook
20 ส.ค. 2568,0722,22,07,Sanook
22 ส.ค. 2568,0568,68,05,Sanook
25 ส.ค. 2568,8511,11,85,Sanook
27 ส.ค. 2568,1541,41,15,Sanook
29 ส.ค. 2568,8976,76,89,Sanook
1 ก.ย. 2568,4088,88,40,Sanook
3 ก.ย. 2568,0701,01,07,Sanook
5 ก.ย. 2568,8775,75,87,Sanook
8 ก.ย. 2568,3798,98,37,Sanook
10 ก.ย. 2568,1709,09,17,Sanook
12 ก.ย. 2568,0188,88,01,Sanook
15 ก.ย. 2568,6828,28,68,Sanook
17 ก.ย. 2568,0543,43,05,Sanook
19 ก.ย. 2568,0862,62,08,Sanook
22 ก.ย. 2568,9252,52,92,Sanook
24 ก.ย. 2568,4415,15,44,Sanook
26 ก.ย. 2568,6958,58,69,Sanook
29 ก.ย. 2568,2774,74,27,Sanook+สยามรัฐ
1 ต.ค. 2568,9506,06,95,Sanook+สยามรัฐ
3 ต.ค. 2568,8654,54,86,Sanook+สยามรัฐ
6 ต.ค. 2568,1739,39,17,Sanook+สยามรัฐ
8 ต.ค. 2568,3946,46,39,Sanook+สยามรัฐ
10 ต.ค. 2568,7318,18,73,Sanook+สยามรัฐ
13 ต.ค. 2568,9456,56,94,Sanook+สยามรัฐ
15 ต.ค. 2568,9152,52,91,Sanook+สยามรัฐ
17 ต.ค. 2568,3509,09,35,Sanook+สยามรัฐ
20 ต.ค. 2568,7480,80,74,Sanook+สยามรัฐ
22 ต.ค. 2568,4918,18,49,Sanook+สยามรัฐ
24 ต.ค. 2568,1677,77,16,Sanook+สยามรัฐ
27 ต.ค. 2568,2412,12,24,Sanook+สยามรัฐ
29 ต.ค. 2568,2500,00,25,Sanook
31 ต.ค. 2568,3725,25,37,Sanook+สยามรัฐ
3 พ.ย. 2568,1226,26,12,Sanook+สยามรัฐ
5 พ.ย. 2568,2926,26,29,Sanook+สยามรัฐ
7 พ.ย. 2568,3320,20,33,Sanook+สยามรัฐ
10 พ.ย. 2568,1187,87,11,Sanook+สยามรัฐ
12 พ.ย. 2568,1651,51,16,Sanook+สยามรัฐ
14 พ.ย. 2568,9877,77,98,Sanook+สยามรัฐ
17 พ.ย. 2568,4579,79,45,Sanook+สยามรัฐ
19 พ.ย. 2568,4322,22,43,Sanook
21 พ.ย. 2568,6238,38,62,Sanook
24 พ.ย. 2568,2133,33,21,Sanook+สยามรัฐ
26 พ.ย. 2568,5541,41,55,Sanook
28 พ.ย. 2568,1679,79,16,Sanook+สยามรัฐ
1 ธ.ค. 2568,4105,05,41,Sanook+สยามรัฐ
3 ธ.ค. 2568,3798,98,37,Sanook+สยามรัฐ
5 ธ.ค. 2568,9145,45,91,Sanook+สยามรัฐ
8 ธ.ค. 2568,2662,62,26,Sanook+สยามรัฐ
10 ธ.ค. 2568,7817,17,78,Sanook+สยามรัฐ
12 ธ.ค. 2568,4546,46,45,Sanook+สยามรัฐ
15 ธ.ค. 2568,6440,40,64,Sanook+สยามรัฐ
17 ธ.ค. 2568,3099,99,30,Sanook+สยามรัฐ
19 ธ.ค. 2568,4603,03,46,ข่าวสด+Sanook+สยามรัฐ
22 ธ.ค. 2568,5963,63,59,ข่าวสด+Sanook+สยามรัฐ
24 ธ.ค. 2568,4892,92,48,ข่าวสด+Sanook+สยามรัฐ
26 ธ.ค. 2568,0052,52,00,ข่าวสด+Sanook+สยามรัฐ
29 ธ.ค. 2568,0369,69,03,ข่าวสด+Sanook
31 ธ.ค. 2568,4541,41,45,ข่าวสด+Sanook+สยามรัฐ
2 ม.ค. 2569,3626,26,36,ข่าวสด+Sanook+สยามรัฐ
5 ม.ค. 2569,3845,45,38,ข่าวสด+Sanook+สยามรัฐ
7 ม.ค. 2569,7653,53,76,ข่าวสด+Sanook
9 ม.ค. 2569,0905,05,09,ข่าวสด+Sanook+สยามรัฐ
12 ม.ค. 2569,6753,53,67,ข่าวสด+Sanook+สยามรัฐ
14 ม.ค. 2569,8060,60,80,ข่าวสด+Sanook+สยามรัฐ
16 ม.ค. 2569,4182,82,41,ข่าวสด+Sanook+สยามรัฐ
19 ม.ค. 2569,7789,89,77,ข่าวสด+Sanook+สยามรัฐ
21 ม.ค. 2569,9685,85,96,ข่าวสด+Sanook+สยามรัฐ
23 ม.ค. 2569,8401,01,84,ข่าวสด+Sanook+สยามรัฐ
26 ม.ค. 2569,0932,32,09,Sanook+สยามรัฐ
28 ม.ค. 2569,3439,39,34,ข่าวสด+Sanook+สยามรัฐ
30 ม.ค. 2569,7039,39,70,ข่าวสด+Sanook+สยามรัฐ
2 ก.พ. 2569,7085,85,70,ข่าวสด+Sanook+สยามรัฐ
4 ก.พ. 2569,8073,73,80,ข่าวสด+Sanook+สยามรัฐ
6 ก.พ. 2569,7430,30,74,ข่าวสด+Sanook
9 ก.พ. 2569,5509,09,55,ข่าวสด+Sanook+สยามรัฐ
11 ก.พ. 2569,6469,69,64,ข่าวสด+Sanook+สยามรัฐ
13 ก.พ. 2569,6668,68,66,ข่าวสด+Sanook+สยามรัฐ
16 ก.พ. 2569,3702,02,37,ข่าวสด+Sanook+สยามรัฐ
18 ก.พ. 2569,6209,09,62,ข่าวสด+Sanook+สยามรัฐ
20 ก.พ. 2569,1955,55,19,ข่าวสด+Sanook+สยามรัฐ
23 ก.พ. 2569,0013,13,00,ข่าวสด+Sanook+สยามรัฐ
25 ก.พ. 2569,4779,79,47,ข่าวสด+Sanook+สยามรัฐ
27 ก.พ. 2569,2571,71,25,ข่าวสด+Sanook+สยามรัฐ
2 มี.ค. 2569,3289,89,32,ข่าวสด+Sanook
4 มี.ค. 2569,2958,58,29,ข่าวสด+Sanook
6 มี.ค. 2569,2926,26,29,ข่าวสด+Sanook+สยามรัฐ
11 มี.ค. 2569,5181,81,51,Sanook
13 มี.ค. 2569,3786,86,37,ข่าวสด+Sanook
16 มี.ค. 2569,6315,15,63,ข่าวสด+Sanook
18 มี.ค. 2569,4329,29,43,ข่าวสด+Sanook
20 มี.ค. 2569,4798,98,47,ข่าวสด+Sanook
23 มี.ค. 2569,3101,01,31,ข่าวสด+Sanook+สยามรัฐ
25 มี.ค. 2569,1971,71,19,ข่าวสด+Sanook+สยามรัฐ
27 มี.ค. 2569,7449,49,74,Sanook+สยามรัฐ
30 มี.ค. 2569,1585,85,15,ข่าวสด+Sanook+สยามรัฐ
1 เม.ย. 2569,6810,10,68,ข่าวสด+Sanook
2 เม.ย. 2569,0643,43,06,ข่าวสด+Sanook+สยามรัฐ
3 เม.ย. 2569,7049,49,70,ข่าวสด+Sanook
6 เม.ย. 2569,4488,88,44,ข่าวสด+Sanook+สยามรัฐ
7 เม.ย. 2569,5211,11,52,ข่าวสด+Sanook+สยามรัฐ
8 เม.ย. 2569,8977,77,89,ข่าวสด+Sanook+สยามรัฐ
9 เม.ย. 2569,1478,78,14,ข่าวสด+Sanook+สยามรัฐ
10 เม.ย. 2569,0389,89,03,ข่าวสด+Sanook+สยามรัฐ
13 เม.ย. 2569,7568,68,75,ข่าวสด+Sanook+สยามรัฐ
17 เม.ย. 2569,5079,79,50,ข่าวสด+Sanook
20 เม.ย. 2569,0599,99,05,ข่าวสด+Sanook+สยามรัฐ
21 เม.ย. 2569,1907,07,19,ข่าวสด+Sanook+สยามรัฐ
22 เม.ย. 2569,8257,57,82,ข่าวสด+Sanook
23 เม.ย. 2569,2179,79,21,ข่าวสด+Sanook+สยามรัฐ
24 เม.ย. 2569,3079,79,30,ข่าวสด+Sanook+สยามรัฐ
27 เม.ย. 2569,0927,27,09,ข่าวสด+Sanook
28 เม.ย. 2569,0947,47,09,ข่าวสด+Sanook+สยามรัฐ
29 เม.ย. 2569,7768,68,77,ข่าวสด+Sanook+สยามรัฐ
30 เม.ย. 2569,5292,92,52,ข่าวสด+Sanook+สยามรัฐ
4 พ.ค. 2569,9193,93,91,ข่าวสด+Sanook+สยามรัฐ
5 พ.ค. 2569,7032,32,70,ข่าวสด+Sanook+สยามรัฐ
6 พ.ค. 2569,4260,60,42,ข่าวสด+Sanook+สยามรัฐ
7 พ.ค. 2569,9700,00,97,ข่าวสด+Sanook+สยามรัฐ
8 พ.ค. 2569,7877,77,78,ข่าวสด+Sanook+สยามรัฐ
11 พ.ค. 2569,7509,09,75,ข่าวสด+Sanook+สยามรัฐ
12 พ.ค. 2569,4931,31,49,ข่าวสด+Sanook+สยามรัฐ
13 พ.ค. 2569,0572,72,05,ข่าวสด+Sanook+สยามรัฐ
14 พ.ค. 2569,9996,96,99,ข่าวสด+Sanook
15 พ.ค. 2569,7095,95,70,ข่าวสด+Sanook+สยามรัฐ
18 พ.ค. 2569,3369,69,33,ข่าวสด+Sanook+สยามรัฐ
19 พ.ค. 2569,0470,70,04,ข่าวสด+Sanook+สยามรัฐ
20 พ.ค. 2569,2377,77,23,ข่าวสด+Sanook+สยามรัฐ
21 พ.ค. 2569,8769,69,87,ข่าวสด+Sanook+สยามรัฐ
22 พ.ค. 2569,3763,63,37,ข่าวสด+Sanook+สยามรัฐ
25 พ.ค. 2569,1489,89,14,ข่าวสด+Sanook
26 พ.ค. 2569,2679,79,26,ข่าวสด+Sanook+สยามรัฐ
27 พ.ค. 2569,0172,72,01,ข่าวสด+Sanook+สยามรัฐ
28 พ.ค. 2569,2415,15,24,ข่าวสด+Sanook
29 พ.ค. 2569,2722,22,27,ข่าวสด+Sanook+สยามรัฐ
1 มิ.ย. 2569,7788,88,77,ข่าวสด+Sanook+สยามรัฐ
2 มิ.ย. 2569,3211,11,32,ข่าวสด+Sanook+สยามรัฐ
3 มิ.ย. 2569,0549,49,05,ข่าวสด+Sanook+สยามรัฐ
4 มิ.ย. 2569,3026,26,30,ข่าวสด+Sanook+สยามรัฐ
5 มิ.ย. 2569,2469,69,24,ข่าวสด+Sanook+สยามรัฐ
8 มิ.ย. 2569,8526,26,85,ข่าวสด+Sanook+สยามรัฐ
9 มิ.ย. 2569,5245,45,52,ข่าวสด+Sanook+สยามรัฐ
10 มิ.ย. 2569,4557,57,45,ข่าวสด+Sanook+สยามรัฐ
11 มิ.ย. 2569,5411,11,54,ข่าวสด+Sanook+สยามรัฐ
12 มิ.ย. 2569,5060,60,50,ข่าวสด+Sanook
15 มิ.ย. 2569,2113,13,21,ข่าวสด+Sanook+สยามรัฐ
16 มิ.ย. 2569,5883,83,58,ข่าวสด+Sanook+สยามรัฐ
17 มิ.ย. 2569,3303,03,33,ข่าวสด+Sanook+สยามรัฐ
18 มิ.ย. 2569,3430,30,34,ข่าวสด+Sanook+สยามรัฐ
19 มิ.ย. 2569,4240,40,42,ข่าวสด+Sanook+สยามรัฐ
22 มิ.ย. 2569,3818,18,38,ข่าวสด+Sanook
23 มิ.ย. 2569,5721,21,57,ข่าวสด+Sanook+สยามรัฐ
24 มิ.ย. 2569,8102,02,81,ข่าวสด+Sanook
25 มิ.ย. 2569,9179,79,91,ข่าวสด+Sanook
26 มิ.ย. 2569,1577,77,15,ข่าวสด+Sanook+สยามรัฐ
29 มิ.ย. 2569,6782,82,67,ข่าวสด+Sanook+สยามรัฐ
30 มิ.ย. 2569,8383,83,83,ข่าวสด+Sanook+สยามรัฐ
1 ก.ค. 2569,8147,47,81,ข่าวสด+Sanook+สยามรัฐ
2 ก.ค. 2569,9460,60,94,ข่าวสด+Sanook
3 ก.ค. 2569,0392,92,03,ข่าวสด+Sanook+สยามรัฐ
6 ก.ค. 2569,2227,27,22,ข่าวสด+Sanook+สยามรัฐ
7 ก.ค. 2569,9659,59,96,ข่าวสด+Sanook+สยามรัฐ
8 ก.ค. 2569,6920,20,69,ข่าวสด+Sanook+สยามรัฐ
9 ก.ค. 2569,2891,91,28,ข่าวสด+Sanook+สยามรัฐ
10 ก.ค. 2569,0277,77,02,ข่าวสด+Sanook+สยามรัฐ
13 ก.ค. 2569,2866,66,28,ข่าวสด+Sanook+สยามรัฐ
14 ก.ค. 2569,1546,46,15,ข่าวสด+Sanook+สยามรัฐ
15 ก.ค. 2569,9375,75,93,ข่าวสด+Sanook+สยามรัฐ
16 ก.ค. 2569,6395,95,63,ข่าวสด+Sanook
17 ก.ค. 2569,4604,04,46,ข่าวสด+Sanook+สยามรัฐ
20 ก.ค. 2569,9073,73,90,ข่าวสด+Sanook+สยามรัฐ
21 ก.ค. 2569,6592,92,65,ข่าวสด+Sanook+สยามรัฐ
22 ก.ค. 2569,0768,68,07,ข่าวสด+Sanook+สยามรัฐ
23 ก.ค. 2569,6276,76,62,ข่าวสด+Sanook+สยามรัฐ
24 ก.ค. 2569,2561,61,25,ข่าวสด+Sanook+สยามรัฐ
27 ก.ค. 2569,4970,70,49,ข่าวสด+Sanook+สยามรัฐ
28 ก.ค. 2569,0480,80,04,ข่าวสด+Sanook+สยามรัฐ
29 ก.ค. 2569,1480,80,14,ข่าวสด+Sanook+สยามรัฐ
30 ก.ค. 2569,0702,02,07,ข่าวสด+Sanook+สยามรัฐ
31 ก.ค. 2569,3290,90,32,ข่าวสด+Sanook+สยามรัฐ
3 ส.ค. 2569,1680,80,16,ข่าวสด+Sanook+สยามรัฐ
4 ส.ค. 2569,7886,86,78,ข่าวสด+Sanook+สยามรัฐ
5 ส.ค. 2569,2222,22,22,ข่าวสด+Sanook+สยามรัฐ
6 ส.ค. 2569,7634,34,76,ข่าวสด+Sanook+สยามรัฐ
7 ส.ค. 2569,7677,77,76,ข่าวสด+Sanook+สยามรัฐ
10 ส.ค. 2569,3030,30,30,ข่าวสด+Sanook+สยามรัฐ
11 ส.ค. 2569,9670,70,96,ข่าวสด+Sanook+สยามรัฐ
12 ส.ค. 2569,9718,18,97,ข่าวสด+Sanook+สยามรัฐ
13 ส.ค. 2569,3606,06,36,ข่าวสด+Sanook+สยามรัฐ
14 ส.ค. 2569,7941,41,79,ข่าวสด+Sanook+สยามรัฐ
17 ส.ค. 2569,6707,07,67,ข่าวสด+Sanook+สยามรัฐ
18 ส.ค. 2569,8222,22,82,ข่าวสด+Sanook+สยามรัฐ
19 ส.ค. 2569,6063,63,60,ข่าวสด+Sanook+สยามรัฐ
20 ส.ค. 2569,4900,00,49,ข่าวสด+Sanook+สยามรัฐ
21 ส.ค. 2569,0253,53,02,ข่าวสด+Sanook+สยามรัฐ
24 ส.ค. 2569,5552,52,55,ข่าวสด+Sanook+สยามรัฐ
25 ส.ค. 2569,6600,00,66,ข่าวสด+Sanook+สยามรัฐ
26 ส.ค. 2569,5523,23,55,ข่าวสด+Sanook+สยามรัฐ
27 ส.ค. 2569,9759,59,97,ข่าวสด+Sanook+สยามรัฐ
28 ส.ค. 2569,0623,23,06,ข่าวสด+Sanook
31 ส.ค. 2569,4389,89,43,ข่าวสด+Sanook+สยามรัฐ
1 ก.ย. 2569,8475,75,84,ข่าวสด+Sanook+สยามรัฐ
2 ก.ย. 2569,5351,51,53,ข่าวสด+Sanook+สยามรัฐ
3 ก.ย. 2569,5088,88,50,ข่าวสด+Sanook+สยามรัฐ
4 ก.ย. 2569,4187,87,41,ข่าวสด+Sanook+สยามรัฐ
7 ก.ย. 2569,6735,35,67,ข่าวสด+Sanook+สยามรัฐ
8 ก.ย. 2569,3743,43,37,ข่าวสด+Sanook+สยามรัฐ
9 ก.ย. 2569,3816,16,38,ข่าวสด+Sanook+สยามรัฐ
10 ก.ย. 2569,7128,28,71,ข่าวสด+Sanook+สยามรัฐ
11 ก.ย. 2569,3350,50,33,ข่าวสด+Sanook+สยามรัฐ
14 ก.ย. 2569,3344,44,33,ข่าวสด+Sanook+สยามรัฐ
15 ก.ย. 2569,8249,49,82,ข่าวสด+Sanook+สยามรัฐ
16 ก.ย. 2569,8902,02,89,ข่าวสด+Sanook+สยามรัฐ
17 ก.ย. 2569,7595,95,75,ข่าวสด+Sanook+สยามรัฐ
18 ก.ย. 2569,3502,02,35,ข่าวสด+Sanook
21 ก.ย. 2569,9225,25,92,ข่าวสด+Sanook+สยามรัฐ
22 ก.ย. 2569,7507,07,75,ข่าวสด+Sanook+สยามรัฐ
23 ก.ย. 2569,7960,60,79,ข่าวสด+Sanook+สยามรัฐ
24 ก.ย. 2569,2667,67,26,ข่าวสด+Sanook+สยามรัฐ
25 ก.ย. 2569,2383,83,23,ข่าวสด+Sanook+สยามรัฐ
28 ก.ย. 2569,4277,77,42,ข่าวสด+Sanook+สยามรัฐ
29 ก.ย. 2569,6616,16,66,ข่าวสด+Sanook+สยามรัฐ
30 ก.ย. 2569,3653,53,36,ข่าวสด+Sanook+สยามรัฐ
1 ต.ค. 2569,5609,09,56,ข่าวสด+Sanook+สยามรัฐ
2 ต.ค. 2569,4693,93,46,ข่าวสด+Sanook+สยามรัฐ
5 ต.ค. 2569,2607,07,26,ข่าวสด+Sanook+สยามรัฐ
6 ต.ค. 2569,1878,78,18,ข่าวสด+Sanook+สยามรัฐ
7 ต.ค. 2569,0090,90,00,ข่าวสด+Sanook+สยามรัฐ
8 ต.ค. 2569,6998,98,69,ข่าวสด+Sanook+สยามรัฐ
9 ต.ค. 2569,5647,47,56,ข่าวสด+Sanook+สยามรัฐ
